Date,Close/Last,Volume,Open,High,Low
04/01/2022,$2814,1174001,$2800.2,$2819,$2775.94
03/31/2022,$2792.99,1475816,$2848.97,$2852.89,$2792.38
03/30/2022,$2852.89,1052319,$2857.4,$2869.61,$2843.36
03/29/2022,$2865,1433921,$2863.21,$2883.25,$2849.68
03/28/2022,$2839,1188654,$2813.69,$2839.53,$2796.5627
03/25/2022,$2830.43,964454,$2835.08,$2839.19,$2793.99
03/24/2022,$2826.24,1027236,$2785.45,$2827.93,$2760.7876
03/23/2022,$2770.07,1265116,$2782.77,$2800.5,$2763.33
03/22/2022,$2805.55,1488843,$2730,$2830,$2730
03/21/2022,$2729.57,1331623,$2736.95,$2751.65,$2692.23
03/18/2022,$2736.03,2294985,$2677.68,$2738.27,$2658.64
03/17/2022,$2692.01,1199719,$2666.42,$2694.7899,$2654.38
03/16/2022,$2673.81,1602910,$2620,$2675.42,$2584.02
03/15/2022,$2593.21,1514630,$2554.83,$2610.345,$2531.36
03/14/2022,$2534.82,1512693,$2611.46,$2620.52,$2528.26
03/11/2022,$2609.51,1329990,$2679.99,$2684,$2605.93
03/10/2022,$2653.64,1213260,$2629.25,$2670.77,$2628.02
03/09/2022,$2677.32,1612872,$2628,$2683.97,$2601.76
03/08/2022,$2545.57,1762478,$2525.01,$2624.93,$2517.215
03/07/2022,$2529.29,1958895,$2638.08,$2638.08,$2528.2
03/04/2022,$2642.44,1223612,$2667.65,$2683.98,$2608.17
03/03/2022,$2686.16,988965,$2719.57,$2734.2759,$2668.62
03/02/2022,$2695.03,1198337,$2692.165,$2712.31,$2668.65
03/01/2022,$2683.36,1231996,$2689.6,$2722.22,$2667.57
02/28/2022,$2697.82,1483784,$2665.69,$2712.81,$2656.505
02/25/2022,$2690.39,1311793,$2670.51,$2707.78,$2635.3
02/24/2022,$2653.47,2158254,$2500,$2660.74,$2495.29
02/23/2022,$2551.7,1321564,$2621.57,$2634.98,$2550.07
02/22/2022,$2588.05,1945329,$2599.7,$2638.015,$2554.82
02/18/2022,$2609.35,1592930,$2660.75,$2676.48,$2606.1405
02/17/2022,$2646.17,1548406,$2723,$2736.79,$2644.04
02/16/2022,$2749.75,1280483,$2728.61,$2758.92,$2696.4728
02/15/2022,$2728.51,1328878,$2749.43,$2758,$2710.7901
02/14/2022,$2706,1339640,$2667.31,$2723.3299,$2666.04
02/11/2022,$2682.6,1940440,$2775,$2785.665,$2665.77
02/10/2022,$2772.05,1650885,$2790,$2828.62,$2761
02/09/2022,$2829.06,1431358,$2816.995,$2843.51,$2807.54
02/08/2022,$2784.26,1712752,$2779.825,$2796.7424,$2737.46
02/07/2022,$2778.76,2230537,$2874.18,$2876.9299,$2773.98
02/04/2022,$2860.32,2461220,$2860.34,$2890.705,$2796.35
02/03/2022,$2853.01,2846507,$2905.9,$2982.3544,$2844.1
02/02/2022,$2960.73,4487538,$3037.27,$3042,$2911.1501
02/01/2022,$2757.57,2560160,$2756.7,$2764,$2691.3645
01/31/2022,$2713.97,1702778,$2683.96,$2716.87,$2645.48
01/28/2022,$2665.79,1525878,$2600,$2667.41,$2573.89
01/27/2022,$2582.42,1514251,$2627.22,$2652.1988,$2578.9
01/26/2022,$2584.8,1981544,$2611.85,$2656.15,$2543.07
01/25/2022,$2534.71,1800430,$2568.71,$2586.77,$2527.56
01/24/2022,$2607.44,2764602,$2520.55,$2615.57,$2492.839
01/21/2022,$2601.84,2095961,$2660.24,$2695.21,$2600.02
01/20/2022,$2670.13,1096528,$2730.28,$2758.24,$2662.89
01/19/2022,$2713.04,1039764,$2738.77,$2767.99,$2710
01/18/2022,$2725.81,1370098,$2732,$2747.8299,$2712.34
01/14/2022,$2795.73,1191296,$2750,$2824.01,$2750
01/13/2022,$2782.62,1328254,$2836.81,$2863.71,$2778.28
01/12/2022,$2832.96,1182079,$2831.09,$2856.2849,$2822.24
01/11/2022,$2800.35,1175062,$2763.61,$2806.59,$2736.27
01/10/2022,$2771.48,1704784,$2701.98,$2772.8,$2662.81
01/07/2022,$2740.09,970412,$2758.1,$2765.0949,$2715.78
01/06/2022,$2751.02,1452452,$2749.95,$2793.72,$2735.27
01/05/2022,$2753.07,2482076,$2883.62,$2885.96,$2750.47
01/04/2022,$2888.33,1146389,$2911.01,$2932.2,$2876.3225
01/03/2022,$2901.49,1261225,$2889.51,$2911,$2870.05
12/31/2021,$2893.59,864885,$2910.88,$2927.3,$2893.55
12/30/2021,$2920.05,648851,$2929,$2941.25,$2915.17
12/29/2021,$2930.09,851236,$2928.59,$2943.675,$2910.09
12/28/2021,$2928.96,931792,$2967.49,$2967.49,$2918.71
12/27/2021,$2961.28,662966,$2949.27,$2968.53,$2945
12/23/2021,$2942.85,690934,$2941.79,$2971.4519,$2939.0168
12/22/2021,$2938.98,922024,$2882,$2946.06,$2879.26
12/21/2021,$2884.41,977597,$2863,$2893.8413,$2834.7
12/20/2021,$2848.03,1013176,$2813.592,$2852.21,$2805
12/17/2021,$2856.06,2170235,$2854.29,$2889.2019,$2835.76
12/16/2021,$2896.77,1369987,$2961.54,$2971.03,$2881.85
12/15/2021,$2947.37,1364048,$2887.32,$2950.345,$2854.11
12/14/2021,$2899.41,1238940,$2895.4,$2908.84,$2844.85
12/13/2021,$2934.09,1205196,$2968.88,$2971.25,$2927.2
12/10/2021,$2973.5,1081923,$2982,$2988,$2947.15
12/09/2021,$2962.12,929030,$2963.52,$2992.1,$2950.58
12/08/2021,$2974.41,948197,$2966.63,$2983.13,$2944
12/07/2021,$2960.73,1162914,$2919,$2966,$2914.05
12/06/2021,$2875.93,1109885,$2871.48,$2887.03,$2812.94
12/03/2021,$2850.41,1334374,$2889.91,$2904.2599,$2823
12/02/2021,$2875.53,1062535,$2836.48,$2893.5,$2819.64
12/01/2021,$2832.36,1427289,$2884.25,$2929.9825,$2830
11/30/2021,$2849.04,2079526,$2909.005,$2932.57,$2841.32
11/29/2021,$2922.28,1313806,$2885.97,$2937.24,$2885.97
11/26/2021,$2856.12,849606,$2900.31,$2905.9404,$2849.71
11/24/2021,$2934.35,823203,$2927,$2940,$2903.98
11/23/2021,$2935.14,906657,$2942.26,$2953.88,$2897.79
11/22/2021,$2941.57,1231385,$3002.835,$3014.89,$2940.11
11/19/2021,$2999.05,989148,$3020,$3037,$2997.75
11/18/2021,$3014.18,1334120,$2982.92,$3032.2,$2979.97
11/17/2021,$2981.24,764541,$2984.58,$2992.52,$2971.26
11/16/2021,$2981.52,862743,$2983.41,$2996.65,$2967
11/15/2021,$2987.76,812367,$3000,$3009.54,$2973.05
11/12/2021,$2992.91,852383,$2956.63,$2997.19,$2929.08
11/11/2021,$2934.96,623155,$2942.14,$2970.045,$2933.89
11/10/2021,$2932.52,1135416,$2960.195,$2973.9999,$2906.5
11/09/2021,$2984.97,843778,$2994.92,$3007.57,$2950.14
11/08/2021,$2987.03,919407,$3000,$3020.6899,$2982.4
11/05/2021,$2984.82,1020407,$2987.07,$3011.4145,$2973.04
11/04/2021,$2973.66,1235040,$2944,$2999,$2932.7
11/03/2021,$2935.8,894330,$2925.5,$2938.21,$2901.07
11/02/2021,$2917.26,1057529,$2896.188,$2938.41,$2892.82
11/01/2021,$2875.48,1613605,$2963.3,$2967.99,$2871.59
10/29/2021,$2965.41,1447725,$2910.4,$2972.26,$2903.33
10/28/2021,$2922.58,1620903,$2945.98,$2948.49,$2895.27
10/27/2021,$2928.55,2592546,$2798.05,$2982.36,$2798.05
10/26/2021,$2793.44,1412937,$2812.12,$2816.79,$2780.11
10/25/2021,$2775.46,1054085,$2776.21,$2784.116,$2734.97
10/22/2021,$2772.5,1509132,$2807.02,$2831.17,$2743.41
10/21/2021,$2855.61,742496,$2843.84,$2856.99,$2832.74
10/20/2021,$2848.3,896975,$2884.45,$2884.955,$2838.24
10/19/2021,$2876.44,765792,$2865.83,$2882.14,$2861.92
10/18/2021,$2859.21,828360,$2824.27,$2859.975,$2824.27
10/15/2021,$2833.5,1062668,$2844,$2844,$2821.29
10/14/2021,$2828.24,1071878,$2799.04,$2833.03,$2786.78
10/13/2021,$2758,819664,$2755,$2771,$2739.53
10/12/2021,$2734.26,1126751,$2792.75,$2793.9,$2725
10/11/2021,$2776.95,829238,$2796,$2815.2725,$2776.13
10/08/2021,$2801.12,946421,$2798.12,$2806.34,$2788.5868
10/07/2021,$2783.71,912523,$2777.26,$2803.0891,$2771.26
10/06/2021,$2747.08,988216,$2692.51,$2757.04,$2689.73
10/05/2021,$2723.54,1206337,$2680,$2747.24,$2680
10/04/2021,$2675.3,1576495,$2713.99,$2714,$2623.33
10/01/2021,$2729.25,1419365,$2671.09,$2741.42,$2667.55
09/30/2021,$2665.31,1768199,$2686.5,$2711.8,$2660
09/29/2021,$2690.42,1316861,$2742.194,$2747.97,$2685
09/28/2021,$2723.68,2109483,$2781.77,$2792.13,$2714
09/27/2021,$2830.02,942204,$2831.71,$2850,$2810
09/24/2021,$2852.66,747467,$2818.92,$2858.07,$2817.01
09/23/2021,$2836.53,863805,$2832.19,$2845.0493,$2821.93
09/22/2021,$2818.77,1103390,$2801.01,$2831.67,$2789.435
09/21/2021,$2792.93,906469,$2802.34,$2816.2323,$2778.11
09/20/2021,$2780.34,1745886,$2780.004,$2787.25,$2741.06
09/17/2021,$2829.27,3001991,$2875.97,$2884.99,$2821.23
09/16/2021,$2887.47,1014942,$2902.42,$2904,$2868.3272
09/15/2021,$2904.12,1032671,$2875.18,$2911.63,$2845.12
09/14/2021,$2868.12,945957,$2883.22,$2894.55,$2858.11
09/13/2021,$2869.3,1008781,$2864.02,$2883.82,$2845.65
09/10/2021,$2838.42,1644831,$2908.87,$2920.38,$2834.83
09/09/2021,$2898.27,739928,$2897.67,$2913.39,$2888.68
09/08/2021,$2897.67,774583,$2907.87,$2911.02,$2884
09/07/2021,$2910.38,758630,$2894.99,$2916.48,$2890.82
09/03/2021,$2895.5,955524,$2882.92,$2907.54,$2870.1
09/02/2021,$2884.38,1092790,$2918.99,$2926.5,$2882.13
09/01/2021,$2916.84,791234,$2913,$2936.4099,$2912.29
08/31/2021,$2909.24,1337821,$2917.69,$2922.24,$2900
08/30/2021,$2909.39,845795,$2894.09,$2929.7899,$2892
08/27/2021,$2891.01,1228412,$2842.25,$2900.22,$2840.4
08/26/2021,$2842.46,746100,$2852.37,$2862.696,$2841.83
08/25/2021,$2859,642153,$2857.66,$2866.26,$2848.79
08/24/2021,$2847.97,756313,$2830.87,$2860.15,$2827.07
08/23/2021,$2821.99,1054484,$2779.97,$2843.5399,$2774.9586
08/20/2021,$2768.74,778337,$2741.66,$2772.29,$2729.34
08/19/2021,$2738.27,914796,$2709.35,$2749.04,$2707.12
08/18/2021,$2731.4,746723,$2742.31,$2765.88,$2728.42
08/17/2021,$2746.01,1063701,$2763.82,$2774.37,$2735.75
08/16/2021,$2778.32,902542,$2760,$2779.81,$2723.315
08/13/2021,$2768.12,629029,$2767.15,$2773.48,$2760.1
08/12/2021,$2767.79,732470,$2754.26,$2768.36,$2735.58
08/11/2021,$2753.79,760483,$2765.66,$2776.955,$2747
08/10/2021,$2761.93,801954,$2761.59,$2771.03,$2744.53
08/09/2021,$2760.04,618978,$2738.98,$2766.43,$2728.575
08/06/2021,$2740.72,678251,$2725.9,$2741.6009,$2720.93
08/05/2021,$2738.8,593589,$2720.57,$2739,$2712
08/04/2021,$2720.57,826357,$2724.99,$2730.76,$2708.3
08/03/2021,$2725.6,953200,$2720,$2726.71,$2683.67
08/02/2021,$2719.79,1007002,$2709.69,$2720.41,$2693.39
07/30/2021,$2704.42,1197725,$2710.22,$2715.4273,$2696.284
07/29/2021,$2730.81,964167,$2727.612,$2743.03,$2722.76
07/28/2021,$2727.63,2734417,$2771.24,$2793.52,$2727
07/27/2021,$2735.93,2108153,$2800.22,$2800.22,$2702
07/26/2021,$2792.89,1152623,$2765,$2794.26,$2753.0201
07/23/2021,$2756.32,1318887,$2705.2,$2776.17,$2694.01
07/22/2021,$2666.57,680407,$2653,$2670.09,$2648
07/21/2021,$2652.01,737082,$2615.74,$2652.345,$2612.03
07/20/2021,$2622.03,954156,$2600.08,$2640.0271,$2583.7675
07/19/2021,$2585.08,1285466,$2623.11,$2624.94,$2570.74
07/16/2021,$2636.91,743059,$2632.82,$2643.66,$2616.43
07/15/2021,$2625.33,829316,$2650,$2651.9,$2611.96
07/14/2021,$2641.65,895927,$2638.03,$2659.9199,$2637.96
07/13/2021,$2619.89,830898,$2617.63,$2640.8399,$2612.74
07/12/2021,$2611.28,847546,$2596.67,$2615.4,$2592
07/09/2021,$2591.49,755466,$2578.89,$2596.99,$2578.87
07/08/2021,$2583.54,988975,$2565,$2600.65,$2560.8
07/07/2021,$2601.55,834186,$2606.82,$2612.7983,$2595.2
07/06/2021,$2595.42,1067517,$2588.99,$2597.69,$2568.18
07/02/2021,$2574.38,1058256,$2536.79,$2576.96,$2535.38
07/01/2021,$2527.37,856230,$2496.995,$2529.25,$2496.995
06/30/2021,$2506.32,1200478,$2513.071,$2516,$2495.15
06/29/2021,$2520.37,1047478,$2535.45,$2540,$2508.74
06/28/2021,$2536.39,1405543,$2540,$2546.74,$2519.4756
06/25/2021,$2539.9,1674297,$2539.14,$2550.1,$2528.88
06/24/2021,$2545.64,946662,$2541.07,$2550.71,$2539.2
06/23/2021,$2529.23,984658,$2531,$2555.92,$2525.04
06/22/2021,$2539.99,1049310,$2529,$2545.4,$2520.53
06/21/2021,$2529.1,1312826,$2514.8,$2540.7349,$2502.685
06/18/2021,$2511.35,2665310,$2514.11,$2527.78,$2492.06
06/17/2021,$2527.42,1287791,$2510.46,$2543.93,$2510.3
06/16/2021,$2513.93,1315838,$2524.95,$2530.47,$2482.9994
06/15/2021,$2520.66,1109130,$2530.44,$2537.24,$2512.97
06/14/2021,$2527.04,1127522,$2513.39,$2528.23,$2500.94
06/11/2021,$2513.93,1262309,$2524.92,$2526.99,$2498.29
06/10/2021,$2521.6,1561733,$2494.01,$2523.26,$2494
06/09/2021,$2491.4,1006337,$2499.5,$2505,$2487.33
06/08/2021,$2482.85,1253253,$2479.9,$2494.495,$2468.24
06/07/2021,$2466.09,1192453,$2451.32,$2468,$2441.0725
06/04/2021,$2451.76,1297434,$2422.52,$2453.859,$2417.77
06/03/2021,$2404.61,917291,$2395.02,$2409.745,$2382.83
06/02/2021,$2421.28,858105,$2435.31,$2442,$2404.2
06/01/2021,$2429.81,958289,$2422,$2437.9709,$2404.88
05/28/2021,$2411.56,1205382,$2421.96,$2428.14,$2407.69
05/27/2021,$2402.51,1948113,$2436.94,$2440,$2402
05/26/2021,$2433.53,1092819,$2412.835,$2442.944,$2412.515
05/25/2021,$2409.07,941928,$2420,$2432.89,$2402.99
05/24/2021,$2406.67,1062189,$2367,$2418.48,$2360.11
05/21/2021,$2345.1,1141632,$2365.99,$2368.9999,$2342.37
05/20/2021,$2356.09,1191593,$2328.04,$2360.34,$2321.09
05/19/2021,$2308.71,967544,$2264.4,$2316.76,$2263.52
05/18/2021,$2303.43,865119,$2336.906,$2343.15,$2303.16
05/17/2021,$2321.41,991792,$2309.32,$2323.34,$2295
05/14/2021,$2316.16,1331248,$2291.83,$2321.14,$2283.32
05/13/2021,$2261.97,1333508,$2261.09,$2276.6012,$2242.72
05/12/2021,$2239.08,1746664,$2261.71,$2285.37,$2230.05
05/11/2021,$2308.76,1605548,$2291.86,$2322,$2283
05/10/2021,$2341.66,1300271,$2374.89,$2378,$2334.73
05/07/2021,$2398.69,1163892,$2400,$2416.41,$2390
05/06/2021,$2381.35,1030859,$2350.64,$2382.71,$2342.3382
05/05/2021,$2356.74,1090275,$2368.42,$2382.2,$2351.41
05/04/2021,$2354.25,1756015,$2369.74,$2379.26,$2311.7
05/03/2021,$2395.17,1689389,$2402.72,$2419.7,$2384.5
04/30/2021,$2410.12,1957130,$2404.49,$2427.14,$2402.16
04/29/2021,$2429.89,1977677,$2410.33,$2436.52,$2402.28
04/28/2021,$2379.91,2986439,$2407.145,$2452.378,$2374.85
04/27/2021,$2307.12,1598583,$2336,$2337.45,$2304.27
04/26/2021,$2326.74,1041650,$2319.93,$2341.26,$2313.84
04/23/2021,$2315.3,1435162,$2283.47,$2325.82,$2278.21
04/22/2021,$2267.92,1054808,$2293.23,$2303.7621,$2256.45
04/21/2021,$2293.29,1196731,$2285.25,$2295.32,$2258.57
04/20/2021,$2293.63,1088749,$2307.89,$2309.6,$2271.71
04/19/2021,$2302.4,1234445,$2291.98,$2318.45,$2287.845
04/16/2021,$2297.76,1130090,$2303,$2306.44,$2284.45
04/15/2021,$2296.66,1373612,$2276.98,$2306.5965,$2266
04/14/2021,$2254.84,1010967,$2275.16,$2277.99,$2249.19
04/13/2021,$2267.27,1165804,$2261.47,$2277.21,$2256.09
04/12/2021,$2254.79,1565851,$2266.25,$2275.32,$2238.465
04/09/2021,$2285.88,1044365,$2256.7,$2289.04,$2253.7139
04/08/2021,$2265.44,1358259,$2277.96,$2284.005,$2257.68
04/07/2021,$2249.68,1289861,$2226.13,$2255,$2225.3303
04/06/2021,$2224.75,1353036,$2222.5,$2237.66,$2214.8
04/05/2021,$2225.55,2164875,$2152.94,$2237.31,$2151.62
04/01/2021,$2137.75,1698978,$2097.95,$2142.94,$2096.89
03/31/2021,$2068.63,1459930,$2059.12,$2093.3273,$2056.745
03/30/2021,$2055.54,1036774,$2057.63,$2070.78,$2044.03
03/29/2021,$2055.95,1229777,$2027.88,$2058.43,$2015.62
03/26/2021,$2035.55,1493800,$2038.86,$2050.99,$2014.0201
03/25/2021,$2044.36,1418907,$2044.81,$2058.87,$2010.73
03/24/2021,$2045.06,1154029,$2065.37,$2078.21,$2041.555
03/23/2021,$2052.96,1366997,$2051.7,$2072.3025,$2039.22
03/22/2021,$2038.59,1954816,$2041.84,$2057.99,$2026.07
03/19/2021,$2043.2,2314893,$2042.05,$2053.1,$2017.68
03/18/2021,$2036.22,1362430,$2061,$2075.5,$2033.55
03/17/2021,$2091.08,1299016,$2076.03,$2109.78,$2054
03/16/2021,$2092.52,1491564,$2078.99,$2123.56,$2070
03/15/2021,$2066.49,1298325,$2062.3,$2067.06,$2043.51
03/12/2021,$2061.92,1725794,$2085,$2090.26,$2047.55
03/11/2021,$2114.77,1239080,$2074.06,$2125.7,$2072.38
03/10/2021,$2055.03,1268592,$2071.76,$2075,$2033.37
03/09/2021,$2052.7,1697306,$2070,$2078.04,$2047.83
03/08/2021,$2024.17,1647429,$2101.13,$2128.81,$2021.61
03/05/2021,$2108.54,2195218,$2073.12,$2118.11,$2046.415
03/04/2021,$2049.09,2118006,$2023.37,$2089.24,$2020.27
03/03/2021,$2026.71,1484181,$2067.21,$2088.518,$2010
03/02/2021,$2075.84,1134595,$2076.19,$2104.37,$2071.26
03/01/2021,$2081.51,1405115,$2056.52,$2086.52,$2046.1
02/26/2021,$2036.86,2083801,$2050.52,$2071.0099,$2016.06
02/25/2021,$2031.36,1828432,$2067.45,$2094.88,$2021.29
02/24/2021,$2095.17,1248349,$2041.83,$2100.78,$2038.13
02/23/2021,$2070.86,1667377,$2025.01,$2082.01,$2002.02
02/22/2021,$2064.88,1367533,$2067,$2091.42,$2062.14
02/19/2021,$2101.14,1457612,$2119.27,$2130.53,$2097.41
02/18/2021,$2117.2,1121855,$2110.39,$2132.735,$2103.71
02/17/2021,$2128.31,1070941,$2100,$2133.66,$2098.92
02/16/2021,$2121.9,1133838,$2104.36,$2152.68,$2104.36
02/12/2021,$2104.11,855865,$2090.25,$2108.82,$2083.13
02/11/2021,$2095.89,945650,$2099.51,$2102.03,$2077.32
02/10/2021,$2095.38,1135464,$2094.21,$2108.37,$2063.09
02/09/2021,$2083.51,889850,$2078.54,$2105.13,$2078.54
02/08/2021,$2092.91,1242411,$2105.91,$2123.5469,$2072
02/05/2021,$2098,1535135,$2070,$2102.51,$2059.33
02/04/2021,$2062.37,1852329,$2068.89,$2078.55,$2042.59
02/03/2021,$2070.07,4118170,$2073,$2116.5,$2018.38
02/02/2021,$1927.51,2273723,$1922.56,$1955.76,$1914.49
02/01/2021,$1901.35,1602182,$1853.57,$1922.3918,$1850.93
01/29/2021,$1835.74,1612552,$1846.17,$1857.28,$1810.2
01/28/2021,$1863.11,1773138,$1843.94,$1898.83,$1842.64
01/27/2021,$1830.79,2748292,$1882.53,$1890,$1809
01/26/2021,$1917.24,1313139,$1888.84,$1925,$1884.245
01/25/2021,$1899.4,1927320,$1920.67,$1929.58,$1867.53
01/22/2021,$1901.05,1272232,$1895.68,$1910.95,$1881.76
01/21/2021,$1891.25,2063932,$1898,$1934.86,$1887.11
01/20/2021,$1886.9,2490258,$1831.46,$1903.71,$1825.53
01/19/2021,$1790.86,1734614,$1752.25,$1809.275,$1741.46
01/15/2021,$1736.19,1342170,$1738.19,$1756,$1721.55
01/14/2021,$1740.18,1179477,$1753.62,$1775.01,$1733.4
01/13/2021,$1754.4,1094131,$1738.58,$1765.035,$1738.01
01/12/2021,$1746.55,1357691,$1753.92,$1778.04,$1725.31
01/11/2021,$1766.72,1209735,$1786.07,$1794.315,$1760.5201
01/08/2021,$1807.21,2051002,$1787.98,$1809.84,$1773.535
01/07/2021,$1787.25,2265022,$1740.06,$1788.4,$1737.05
01/06/2021,$1735.29,2602114,$1702.63,$1748,$1699
01/05/2021,$1740.92,1145347,$1725,$1747.67,$1718.015
01/04/2021,$1728.24,1901855,$1757.54,$1760.65,$1707.85
12/31/2020,$1751.88,1012240,$1735.42,$1758.93,$1735.42
12/30/2020,$1739.52,1306130,$1762.01,$1765.095,$1725.6
12/29/2020,$1758.72,1299395,$1787.79,$1792.44,$1756.09
12/28/2020,$1776.09,1393033,$1751.635,$1790.7276,$1746.335
12/24/2020,$1738.85,346753,$1735,$1746,$1729.11
12/23/2020,$1732.38,1033917,$1728.11,$1747.99,$1725.04
12/22/2020,$1723.5,938346,$1734.43,$1737.405,$1712.575
12/21/2020,$1739.37,1828378,$1713.51,$1740.85,$1699
12/18/2020,$1731.01,4016353,$1754.18,$1755.11,$1720.22
12/17/2020,$1747.9,1624744,$1768.51,$1771.7836,$1738.66
12/16/2020,$1763,1513543,$1772.88,$1773,$1756.08
12/15/2020,$1767.77,1482261,$1764.42,$1771.42,$1749.95
12/14/2020,$1760.06,1600173,$1775,$1797.39,$1757.215
12/11/2020,$1781.77,1220651,$1763.06,$1784.45,$1760
12/10/2020,$1775.33,1362848,$1769.8,$1781.31,$1740.32
12/09/2020,$1784.13,1507558,$1812.01,$1834.27,$1767.81
12/08/2020,$1818.55,1096319,$1810.1,$1821.9,$1796.2047
12/07/2020,$1819.48,1320946,$1819,$1832.37,$1805.78
12/04/2020,$1827.99,1378166,$1824.52,$1833.16,$1816.99
12/03/2020,$1826.77,1227298,$1824.01,$1847.2,$1822.65
12/02/2020,$1827.95,1222032,$1798.1,$1835.65,$1789.4725
12/01/2020,$1798.1,1739045,$1774.37,$1824.83,$1769.37
11/30/2020,$1760.74,1823836,$1781.184,$1788.065,$1755
11/27/2020,$1793.19,884916,$1773.09,$1804,$1772.44
11/25/2020,$1771.43,1046122,$1772.89,$1778.54,$1756.54
11/24/2020,$1768.88,1579703,$1730.5,$1771.6,$1727.69
11/23/2020,$1734.86,2161975,$1749.6,$1753.9,$1717.72
11/20/2020,$1742.19,2313655,$1765.21,$1774,$1741.86
11/19/2020,$1763.92,1249910,$1738.38,$1769.5897,$1737.005
11/18/2020,$1746.78,1173466,$1765.23,$1773.47,$1746.14
11/17/2020,$1770.15,1147114,$1776.94,$1785,$1767
11/16/2020,$1781.38,1246785,$1771.7,$1799.07,$1767.69
11/13/2020,$1777.02,1500574,$1757.63,$1781.04,$1744.55
11/12/2020,$1749.84,1248754,$1747.63,$1768.27,$1745.6
11/11/2020,$1752.71,1263966,$1750,$1764.22,$1747.365
11/10/2020,$1740.39,2636142,$1731.09,$1763,$1717.3
11/09/2020,$1763,2268270,$1790.9,$1818.06,$1760.02
11/06/2020,$1761.75,1661225,$1753.95,$1772.43,$1740.35
11/05/2020,$1763.37,2065812,$1781,$1793.64,$1750.51
11/04/2020,$1749.13,3570927,$1710.28,$1771.365,$1706.0301
11/03/2020,$1650.21,1661653,$1631.78,$1661.7,$1616.6201
11/02/2020,$1626.03,2535446,$1628.16,$1660.77,$1616.03
10/30/2020,$1621.01,4330862,$1672.11,$1687,$1604.46
10/29/2020,$1567.24,2003064,$1522.36,$1593.71,$1522.24
10/28/2020,$1516.62,1833959,$1559.74,$1561.35,$1514.62
10/27/2020,$1604.26,1229002,$1595.67,$1606.845,$1582.78
10/26/2020,$1590.45,1853254,$1625.01,$1638.24,$1576.5
10/23/2020,$1641,1375844,$1626.07,$1642.36,$1620.51
10/22/2020,$1615.33,1434042,$1593.05,$1621.99,$1585
10/21/2020,$1593.31,2568345,$1573.33,$1618.73,$1571.6301
10/20/2020,$1555.93,2242572,$1527.05,$1577.5,$1525.67
10/19/2020,$1534.61,1607075,$1580.46,$1588.15,$1528
10/16/2020,$1573.01,1435137,$1565.85,$1581.13,$1563
10/15/2020,$1559.13,1540817,$1547.15,$1575.105,$1545.03
10/14/2020,$1568.08,1930990,$1578.59,$1587.6841,$1550.53
10/13/2020,$1571.68,1601043,$1583.73,$1590,$1563.2
10/12/2020,$1569.15,2482560,$1543,$1593.86,$1532.57
10/09/2020,$1515.22,1435542,$1494.7,$1516.52,$1489.45
10/08/2020,$1485.93,1187831,$1465.09,$1490,$1465.09
10/07/2020,$1460.29,1746156,$1464.29,$1468.96,$1436
10/06/2020,$1453.44,1245423,$1475.58,$1486.76,$1448.5901
10/05/2020,$1486.02,1113257,$1466.21,$1488.21,$1464.27
10/02/2020,$1458.42,1284071,$1462.03,$1483.2,$1450.92
10/01/2020,$1490.09,1779497,$1484.27,$1499.04,$1479.21
09/30/2020,$1469.6,1701608,$1466.8,$1489.75,$1459.88
09/29/2020,$1469.33,979102,$1470.39,$1476.6632,$1458.805
09/28/2020,$1464.52,2007941,$1474.21,$1476.8,$1449.3012
09/25/2020,$1444.96,1323375,$1432.63,$1450,$1413.34
09/24/2020,$1428.29,1450216,$1411.03,$1443.7088,$1409.85
09/23/2020,$1415.21,1657350,$1458.78,$1460.96,$1407.7
09/22/2020,$1465.46,1583201,$1450.09,$1469.52,$1434.53
09/21/2020,$1431.16,2888827,$1440.06,$1448.36,$1406.55
09/18/2020,$1459.99,3103882,$1498.01,$1503.0032,$1437.13
09/17/2020,$1495.53,1879751,$1496,$1508.2984,$1470.0001
09/16/2020,$1520.9,1312299,$1555.54,$1562,$1519.82
09/15/2020,$1541.44,1331082,$1536,$1559.57,$1531.835
09/14/2020,$1519.28,1696589,$1539.005,$1563.9999,$1515.74
09/11/2020,$1520.72,1597087,$1536,$1575.2,$1497.36
09/10/2020,$1532.02,1618557,$1560.64,$1584.081,$1525.805
09/09/2020,$1556.96,1774704,$1557.53,$1569,$1536.0511
09/08/2020,$1532.39,2610884,$1533.51,$1563.865,$1528.01
09/04/2020,$1591.04,2608568,$1624.26,$1645.11,$1547.6125
09/03/2020,$1641.84,3107763,$1709.7143,$1709.7143,$1615.06
09/02/2020,$1728.28,2511180,$1673.7754,$1733.1799,$1666.3301
09/01/2020,$1660.71,1826655,$1636.63,$1665.73,$1632.22
08/31/2020,$1634.18,1823406,$1647.89,$1647.965,$1630.31
08/28/2020,$1644.41,1499782,$1633.49,$1647.1699,$1630.75
08/27/2020,$1634.33,1861602,$1653.68,$1655,$1625.75
08/26/2020,$1652.38,3581072,$1608,$1659.22,$1603.6
08/25/2020,$1608.22,2132084,$1582.07,$1611.62,$1582.07
08/24/2020,$1588.2,1410229,$1593.98,$1614.17,$1580.57
08/21/2020,$1580.42,1446453,$1577.03,$1597.72,$1568.005
08/20/2020,$1581.75,1706877,$1543.45,$1585.87,$1538.2
08/19/2020,$1547.53,1660611,$1553.31,$1573.68,$1543.95
08/18/2020,$1558.6,2027086,$1526.18,$1562.47,$1523.71
08/17/2020,$1517.98,1378600,$1514.67,$1525.61,$1507.97
08/14/2020,$1507.73,1355200,$1515.66,$1521.9,$1502.88
08/13/2020,$1518.45,1455208,$1510.34,$1537.25,$1508.005
08/12/2020,$1506.62,1437655,$1485.58,$1512.3859,$1485.25
08/11/2020,$1480.32,1454365,$1492.44,$1510,$1478
08/10/2020,$1496.1,1289530,$1487.18,$1504.075,$1473.08
08/07/2020,$1494.49,1577826,$1500,$1516.845,$1481.64
08/06/2020,$1500.1,1995368,$1471.75,$1502.39,$1466
08/05/2020,$1473.61,1979957,$1469.3,$1482.41,$1463.46
08/04/2020,$1464.97,1903489,$1476.57,$1485.56,$1458.65
08/03/2020,$1474.45,2331514,$1486.64,$1490.47,$1465.64
07/31/2020,$1482.96,3429036,$1505.01,$1508.95,$1454.03
07/30/2020,$1531.45,1671396,$1497,$1537.87,$1492.22
07/29/2020,$1522.02,1106534,$1506.32,$1531.2522,$1501.33
07/28/2020,$1500.34,1702174,$1525.18,$1526.48,$1497.66
07/27/2020,$1530.2,1245980,$1515.6,$1540.97,$1515.21
07/24/2020,$1511.87,1544404,$1498.93,$1517.6362,$1488.4
07/23/2020,$1515.68,1627634,$1566.97,$1571.87,$1507.3918
07/22/2020,$1568.49,931985,$1560.5,$1570,$1546.1
07/21/2020,$1558.42,1218645,$1586.99,$1586.99,$1554.28
07/20/2020,$1565.72,1557252,$1515.26,$1570.29,$1503.6
07/17/2020,$1515.55,1457010,$1521.62,$1523.44,$1498.42
07/16/2020,$1518,1519345,$1500,$1518.69,$1486.31
07/15/2020,$1513.64,1610684,$1523.13,$1535.33,$1498
07/14/2020,$1520.58,1585016,$1490.31,$1522.95,$1483.5
07/13/2020,$1511.34,1846424,$1550,$1577.1316,$1505.2427
07/10/2020,$1541.74,1856704,$1506.15,$1543.83,$1496.54
07/09/2020,$1510.99,1423322,$1506.45,$1522.72,$1488.085
07/08/2020,$1496,1249658,$1494.32,$1505.8799,$1485.63
07/07/2020,$1485.18,1458172,$1490,$1516.8,$1483.55
07/06/2020,$1495.7,1563997,$1480.06,$1506.59,$1472.86
07/02/2020,$1464.7,1859480,$1446.94,$1482.95,$1446.42
07/01/2020,$1438.04,1775167,$1411.1,$1443,$1409.82
06/30/2020,$1413.61,2042381,$1390.44,$1418.65,$1383.96
06/29/2020,$1394.97,1810180,$1358.18,$1395.6,$1347.01
06/26/2020,$1359.9,4267698,$1431.39,$1433.45,$1351.99
06/25/2020,$1441.33,1230474,$1429.9,$1442.9,$1420
06/24/2020,$1431.97,1756022,$1461.51,$1475.42,$1429.75
06/23/2020,$1464.41,1429764,$1455.64,$1475.941,$1445.24
06/22/2020,$1451.86,1542440,$1429,$1452.75,$1423.21
06/19/2020,$1431.72,3157875,$1444,$1447.8,$1421.3501
06/18/2020,$1435.96,1581916,$1449.16,$1451.41,$1427.01
06/17/2020,$1451.12,1549615,$1447.16,$1460,$1431.38
06/16/2020,$1442.72,1711614,$1445.22,$1455.02,$1425.9001
06/15/2020,$1419.85,1506096,$1390.8,$1424.7999,$1387.92
06/12/2020,$1413.18,1946367,$1428.49,$1437,$1386.02
06/11/2020,$1403.84,1991332,$1442.48,$1454.475,$1402
06/10/2020,$1465.85,1525153,$1459.54,$1474.259,$1456.27
06/09/2020,$1456.16,1409249,$1445.36,$1468,$1443.21
06/08/2020,$1446.61,1404178,$1422.34,$1447.99,$1422.34
06/05/2020,$1438.39,1735244,$1413.17,$1445.05,$1406
06/04/2020,$1412.18,1484272,$1430.4,$1438.96,$1404.73
06/03/2020,$1436.38,1256186,$1438.3,$1446.5522,$1429.7772
06/02/2020,$1439.22,1278128,$1430.55,$1439.61,$1418.83
06/01/2020,$1431.82,1217140,$1418.39,$1437.96,$1418
05/29/2020,$1428.92,1838059,$1416.94,$1432.57,$1413.35
05/28/2020,$1416.73,1693976,$1396.86,$1440.84,$1396
05/27/2020,$1417.84,1686142,$1417.25,$1421.74,$1391.29
05/26/2020,$1417.02,2060643,$1437.27,$1441,$1412.13
05/22/2020,$1410.42,1309408,$1396.71,$1412.76,$1391.83
05/21/2020,$1402.8,1385194,$1408,$1415.49,$1393.45
05/20/2020,$1406.72,1655375,$1389.58,$1410.42,$1387.25
05/19/2020,$1373.485,1280649,$1386.997,$1392,$1373.485
05/18/2020,$1383.94,1823964,$1361.75,$1392.325,$1354.25
05/15/2020,$1373.19,1707747,$1350,$1374.48,$1339
05/14/2020,$1356.13,1603077,$1335.02,$1357.42,$1323.91
05/13/2020,$1349.33,1812585,$1377.05,$1385.4822,$1328.4
05/12/2020,$1375.74,1390600,$1407.12,$1415,$1374.77
05/11/2020,$1403.26,1412116,$1378.28,$1416.53,$1377.152
05/08/2020,$1388.37,1388068,$1383.13,$1398.76,$1375.48
05/07/2020,$1372.56,1399759,$1365.94,$1377.6,$1355.27
05/06/2020,$1347.3,1215423,$1361.69,$1371.1199,$1347.29
05/05/2020,$1351.11,1651533,$1337.92,$1373.94,$1337.46
05/04/2020,$1326.8,1504017,$1308.23,$1327.66,$1299
05/01/2020,$1320.61,2072639,$1328.5,$1352.0695,$1311
04/30/2020,$1348.66,2668906,$1324.88,$1352.82,$1322.49
04/29/2020,$1341.48,3793624,$1341.46,$1359.99,$1325.34
04/28/2020,$1233.67,2951309,$1287.93,$1288.05,$1232.2
04/27/2020,$1275.88,1600563,$1296,$1296.15,$1269
04/24/2020,$1279.31,1640394,$1261.17,$1280.4,$1249.45
04/23/2020,$1276.31,1566203,$1271.55,$1293.31,$1265.67
04/22/2020,$1263.21,2093140,$1245.54,$1285.6133,$1242
04/21/2020,$1216.34,2153003,$1247,$1254.27,$1209.71
04/20/2020,$1266.61,1695488,$1271,$1281.6,$1261.37
04/17/2020,$1283.25,1949042,$1284.85,$1294.43,$1271.23
04/16/2020,$1263.47,2518099,$1274.1,$1279,$1242.62
04/15/2020,$1262.47,1671703,$1245.61,$1280.46,$1240.4
04/14/2020,$1269.23,2470353,$1245.09,$1282.07,$1236.93
04/13/2020,$1217.56,1739828,$1209.18,$1220.51,$1187.5984
04/09/2020,$1211.45,2175421,$1224.08,$1225.57,$1196.7351
04/08/2020,$1210.28,1975135,$1206.5,$1219.07,$1188.16
04/07/2020,$1186.51,2387329,$1221,$1225,$1182.23
04/06/2020,$1186.92,2664723,$1138,$1194.66,$1130.94
04/03/2020,$1097.88,2313400,$1119.015,$1123.54,$1079.81
04/02/2020,$1120.84,1964881,$1098.26,$1126.86,$1096.4
04/01/2020,$1105.62,2344173,$1122,$1129.69,$1097.45
03/31/2020,$1162.81,2487983,$1147.3,$1175.31,$1138.14
03/30/2020,$1146.82,2574061,$1125.04,$1151.63,$1096.48
03/27/2020,$1110.71,3208495,$1125.67,$1150.6702,$1105.91
03/26/2020,$1161.75,3573755,$1111.8,$1169.97,$1093.53
03/25/2020,$1102.49,4081528,$1126.47,$1148.9,$1086.01
03/24/2020,$1134.46,3344450,$1103.77,$1135,$1090.62
03/23/2020,$1056.62,4044137,$1061.32,$1071.32,$1013.5361
03/20/2020,$1072.32,3601750,$1135.72,$1143.99,$1065.49
03/19/2020,$1115.29,3651106,$1093.05,$1157.9699,$1060.1075
03/18/2020,$1096.8,4233435,$1056.51,$1106.5,$1037.28
03/17/2020,$1119.8,3861489,$1093.11,$1130.86,$1056.01
03/16/2020,$1084.33,4252365,$1096,$1152.2665,$1074.44
03/13/2020,$1219.73,3700125,$1179,$1219.76,$1117.1432
03/12/2020,$1114.91,4226748,$1126,$1193.87,$1113.3
03/11/2020,$1215.41,2611229,$1249.7,$1260.96,$1196.07
03/10/2020,$1280.39,2611373,$1260,$1281.15,$1218.77
03/09/2020,$1215.56,3365365,$1205.3,$1254.7599,$1200
03/06/2020,$1298.41,2660628,$1277.06,$1306.22,$1261.05
03/05/2020,$1319.04,2561288,$1350.2,$1358.91,$1305.1
03/04/2020,$1386.52,1913315,$1359.23,$1388.09,$1343.11
03/03/2020,$1341.39,2402326,$1399.42,$1410.15,$1332
03/02/2020,$1389.11,2431468,$1351.61,$1390.87,$1326.815
02/28/2020,$1339.33,3790618,$1277.5,$1341.14,$1271
02/27/2020,$1318.09,2978300,$1362.06,$1371.7037,$1317.17
02/26/2020,$1393.18,2204037,$1396.14,$1415.7,$1379
02/25/2020,$1388.45,2478278,$1433,$1438.14,$1382.4
02/24/2020,$1421.59,2867053,$1426.11,$1436.97,$1411.39
02/21/2020,$1485.11,1732273,$1508.03,$1512.215,$1480.44
02/20/2020,$1518.15,1096552,$1522,$1529.64,$1506.82
02/19/2020,$1526.69,949268,$1525.07,$1532.1063,$1521.4
02/18/2020,$1519.67,1121140,$1515,$1531.63,$1512.59
02/14/2020,$1520.74,1197836,$1515.6,$1520.74,$1507.34
02/13/2020,$1514.66,929730,$1512.69,$1527.18,$1504.6
02/12/2020,$1518.27,1167565,$1514.48,$1520.695,$1508.11
02/11/2020,$1508.79,1344633,$1511.81,$1529.63,$1505.6378
02/10/2020,$1508.68,1419876,$1474.32,$1509.5,$1474.32
02/07/2020,$1479.23,1172270,$1467.3,$1485.84,$1466.35
02/06/2020,$1476.23,1679384,$1450.33,$1481.9997,$1449.57
02/05/2020,$1448.23,1986157,$1462.42,$1463.84,$1430.56
02/04/2020,$1447.07,3932954,$1457.07,$1469.5,$1426.3
02/03/2020,$1485.94,3055216,$1462,$1490,$1458.99
01/31/2020,$1434.23,2417214,$1468.9,$1470.13,$1428.53
01/30/2020,$1455.84,1339421,$1439.96,$1457.28,$1436.4
01/29/2020,$1458.63,1078667,$1458.8,$1465.43,$1446.74
01/28/2020,$1452.56,1577422,$1443,$1456,$1432.47
01/27/2020,$1433.9,1755201,$1431,$1438.07,$1421.2
01/24/2020,$1466.71,1784644,$1493.59,$1495.495,$1465.25
01/23/2020,$1486.65,1351354,$1487.64,$1495.52,$1482.1
01/22/2020,$1485.95,1610846,$1491,$1503.2143,$1484.93
01/21/2020,$1484.4,2036780,$1479.12,$1491.85,$1471.2
01/17/2020,$1480.39,2396215,$1462.91,$1481.2954,$1458.22
01/16/2020,$1451.7,1173688,$1447.44,$1451.99,$1440.92
01/15/2020,$1439.2,1282685,$1430.21,$1441.395,$1430.21
01/14/2020,$1430.88,1560453,$1439.01,$1441.8,$1428.37
01/13/2020,$1439.23,1653482,$1436.13,$1440.52,$1426.02
01/10/2020,$1429.73,1821566,$1427.56,$1434.9292,$1418.35
01/09/2020,$1419.83,1502664,$1420.57,$1427.33,$1410.27
01/08/2020,$1404.32,1529177,$1392.08,$1411.58,$1390.84
01/07/2020,$1393.34,1511693,$1397.94,$1402.99,$1390.38
01/06/2020,$1394.21,1733149,$1350,$1396.5,$1350
01/03/2020,$1360.66,1187006,$1347.86,$1372.5,$1345.5436
01/02/2020,$1367.37,1406731,$1341.55,$1368.14,$1341.55
12/31/2019,$1337.02,962468,$1330.11,$1338,$1329.085
12/30/2019,$1336.14,1051323,$1350,$1353,$1334.02
12/27/2019,$1351.89,1038718,$1362.99,$1364.53,$1349.31
12/26/2019,$1360.4,667754,$1346.17,$1361.3269,$1344.47
12/24/2019,$1343.56,347518,$1348.5,$1350.26,$1342.78
12/23/2019,$1348.84,883200,$1355.87,$1359.7999,$1346.51
12/20/2019,$1349.59,3316905,$1363.35,$1363.64,$1349
12/19/2019,$1356.04,1470112,$1351.82,$1358.1,$1348.985
12/18/2019,$1352.62,1657069,$1356.6,$1360.47,$1351
12/17/2019,$1355.12,1855259,$1362.89,$1365,$1351.3231
12/16/2019,$1361.17,1397451,$1356.5,$1364.68,$1352.67
12/13/2019,$1347.83,1550028,$1347.95,$1353.0931,$1343.87
12/12/2019,$1350.27,1281722,$1345.94,$1355.775,$1340.5
12/11/2019,$1345.02,850796,$1350.84,$1351.2,$1342.67
12/10/2019,$1344.66,1094653,$1341.5,$1349.975,$1336.04
12/09/2019,$1343.56,1355795,$1338.04,$1359.45,$1337.84
12/06/2019,$1340.62,1315510,$1333.44,$1344,$1333.44
12/05/2019,$1328.13,1212818,$1328,$1329.3579,$1316.44
12/04/2019,$1320.54,1538110,$1307.01,$1325.8,$1304.87
12/03/2019,$1295.28,1268647,$1279.57,$1298.461,$1279
12/02/2019,$1289.92,1511851,$1301,$1305.83,$1281
11/29/2019,$1304.96,586981,$1307.12,$1310.205,$1303.97
11/27/2019,$1312.99,996329,$1315,$1318.36,$1309.63
11/26/2019,$1313.55,1069795,$1309.86,$1314.8,$1305.09
11/25/2019,$1306.69,1036487,$1299.18,$1311.31,$1298.13
11/22/2019,$1295.34,1386506,$1305.62,$1308.73,$1291.41
11/21/2019,$1301.35,995499,$1301.48,$1312.59,$1293
11/20/2019,$1303.05,1309835,$1311.74,$1315,$1291.15
11/19/2019,$1315.46,1269372,$1327.7,$1327.7,$1312.8
11/18/2019,$1320.7,1488083,$1332.22,$1335.5288,$1317.5
11/15/2019,$1334.87,1782955,$1318.94,$1334.88,$1314.2796
11/14/2019,$1311.46,1194305,$1297.5,$1317,$1295.65
11/13/2019,$1298,853861,$1294.07,$1304.3,$1293.51
11/12/2019,$1298.8,1085859,$1300,$1310,$1295.77
11/11/2019,$1299.19,1012429,$1303.18,$1306.425,$1297.41
11/08/2019,$1311.37,1251916,$1305.28,$1318,$1304.365
11/07/2019,$1308.86,2029970,$1294.28,$1323.74,$1294.245
11/06/2019,$1291.8,1152977,$1289.46,$1293.73,$1282.5
11/05/2019,$1292.03,1282711,$1292.89,$1298.93,$1291.2289
11/04/2019,$1291.37,1500964,$1276.45,$1294.13,$1276.355
11/01/2019,$1273.74,1670072,$1265,$1274.62,$1260.5
10/31/2019,$1260.11,1455651,$1261.28,$1267.67,$1250.8428
10/30/2019,$1261.29,1408851,$1252.97,$1269.36,$1252
10/29/2019,$1262.62,1886380,$1276.23,$1281.59,$1257.2119
10/28/2019,$1290,2613237,$1275.45,$1299.31,$1272.54
10/25/2019,$1265.13,1213051,$1251.03,$1269.6,$1250.01
10/24/2019,$1260.99,1039868,$1260.9,$1264,$1253.715
10/23/2019,$1259.13,928595,$1242.36,$1259.89,$1242.36
10/22/2019,$1242.8,1047851,$1247.85,$1250.6,$1241.38
10/21/2019,$1246.15,1038042,$1252.26,$1254.6287,$1240.6
10/18/2019,$1245.49,1352839,$1253.46,$1258.89,$1241.08
10/17/2019,$1253.07,980510,$1250.93,$1263.325,$1249.94
10/16/2019,$1243.64,1168174,$1241.17,$1254.74,$1238.45
10/15/2019,$1243.01,1395259,$1220.4,$1247.33,$1220.4
10/14/2019,$1217.14,882039,$1212.34,$1226.33,$1211.76
10/11/2019,$1215.45,1277144,$1222.21,$1228.39,$1213.74
10/10/2019,$1208.67,932531,$1198.58,$1215,$1197.34
10/09/2019,$1202.31,876632,$1199.35,$1208.35,$1197.63
10/08/2019,$1189.13,1141784,$1197.59,$1206.08,$1189.01
10/07/2019,$1207.68,867149,$1204.4,$1218.2036,$1203.75
10/04/2019,$1209,1183264,$1191.89,$1211.44,$1189.17
10/03/2019,$1187.83,1663656,$1180,$1189.06,$1162.43
10/02/2019,$1176.63,1639237,$1196.98,$1196.99,$1171.29
10/01/2019,$1205.1,1358279,$1219,$1231.23,$1203.58
09/30/2019,$1219,1419676,$1220.97,$1226,$1212.3
09/27/2019,$1225.09,1354432,$1243.01,$1244.02,$1214.45
09/26/2019,$1241.39,1561882,$1241.96,$1245,$1232.268
09/25/2019,$1246.52,1593875,$1215.82,$1248.3,$1210.09
09/24/2019,$1218.76,1591786,$1240,$1246.74,$1210.68
09/23/2019,$1234.03,1075253,$1226,$1239.09,$1224.17
09/20/2019,$1229.93,2337269,$1233.12,$1243.32,$1223.08
09/19/2019,$1238.71,1000155,$1232.06,$1244.44,$1232.02
09/18/2019,$1232.41,1144333,$1227.51,$1235.61,$1216.53
09/17/2019,$1229.15,958112,$1230.4,$1235,$1223.69
09/16/2019,$1231.3,1053299,$1229.52,$1239.56,$1225.61
09/13/2019,$1239.56,1301350,$1231.35,$1240.88,$1227.01
09/12/2019,$1234.25,1725908,$1224.3,$1241.86,$1223.02
09/11/2019,$1220.17,1307033,$1203.41,$1222.6,$1202.2
09/10/2019,$1206,1260115,$1195.15,$1210,$1194.58
09/09/2019,$1204.41,1471880,$1204,$1220,$1192.62
09/06/2019,$1204.93,1072143,$1208.13,$1212.015,$1202.5222
09/05/2019,$1211.38,1408601,$1191.53,$1213.04,$1191.53
09/04/2019,$1181.41,1068968,$1176.71,$1183.48,$1171
09/03/2019,$1168.39,1480420,$1177.03,$1186.89,$1163.2
08/30/2019,$1188.1,1129959,$1198.5,$1198.5,$1183.8026
08/29/2019,$1192.85,1088858,$1181.12,$1196.06,$1181.12
08/28/2019,$1171.02,802243,$1161.71,$1176.4199,$1157.3
08/27/2019,$1167.84,1077452,$1180.53,$1182.4,$1161.45
08/26/2019,$1168.89,1226441,$1157.26,$1169.47,$1152.96
08/23/2019,$1151.29,1688271,$1181.99,$1194.08,$1147.75
08/22/2019,$1189.53,947906,$1194.07,$1198.0115,$1178.58
08/21/2019,$1191.25,741053,$1193.15,$1199,$1187.43
08/20/2019,$1182.69,915605,$1195.25,$1196.06,$1182.11
08/19/2019,$1198.45,1232517,$1190.09,$1206.99,$1190.09
08/16/2019,$1177.6,1349436,$1179.55,$1182.72,$1171.81
08/15/2019,$1167.26,1224739,$1163.5,$1175.84,$1162.11
08/14/2019,$1164.29,1578668,$1176.31,$1182.3,$1160.54
08/13/2019,$1197.27,1318009,$1171.46,$1204.78,$1171.46
08/12/2019,$1174.71,1003187,$1179.21,$1184.96,$1167.6723
08/09/2019,$1188.01,1065658,$1197.99,$1203.88,$1183.603
08/08/2019,$1204.8,1467997,$1182.83,$1205.01,$1173.02
08/07/2019,$1173.99,1444324,$1156,$1178.4451,$1149.6239
08/06/2019,$1169.95,1709374,$1163.31,$1179.96,$1160
08/05/2019,$1152.32,2597455,$1170.04,$1175.24,$1140.14
08/02/2019,$1193.99,1645067,$1200.74,$1206.9,$1188.94
08/01/2019,$1209.01,1698510,$1214.03,$1234.11,$1205.72
07/31/2019,$1216.68,1725454,$1223,$1234,$1207.7635
07/30/2019,$1225.14,1453263,$1225.41,$1234.87,$1223.3
07/29/2019,$1239.41,2223731,$1241.05,$1247.37,$1228.23
07/26/2019,$1250.41,4805752,$1224.04,$1265.5499,$1224
07/25/2019,$1132.12,2209823,$1137.82,$1141.7,$1120.92
07/24/2019,$1137.81,1590101,$1131.9,$1144,$1126.99
07/23/2019,$1146.21,1093688,$1144,$1146.9,$1131.8
07/22/2019,$1138.07,1301846,$1133.45,$1139.25,$1124.24
07/19/2019,$1130.1,1647245,$1148.19,$1151.14,$1129.62
07/18/2019,$1146.33,1291281,$1141.74,$1147.605,$1132.73
07/17/2019,$1146.35,1170047,$1150.97,$1158.36,$1145.77
07/16/2019,$1153.58,1238807,$1146,$1158.58,$1145
07/15/2019,$1150.34,903780,$1146.86,$1150.82,$1139.4
07/12/2019,$1144.9,863973,$1143.99,$1147.34,$1138.78
07/11/2019,$1144.21,1195569,$1143.25,$1153.07,$1139.58
07/10/2019,$1140.48,1209466,$1131.22,$1142.05,$1130.97
07/09/2019,$1124.83,1330370,$1111.8,$1128.025,$1107.17
07/08/2019,$1116.35,1236419,$1125.17,$1125.98,$1111.21
07/05/2019,$1131.59,1264540,$1117.8,$1132.88,$1116.14
07/03/2019,$1121.58,767011,$1117.41,$1126.76,$1113.86
07/02/2019,$1111.25,991755,$1102.24,$1111.77,$1098.17
07/01/2019,$1097.95,1438504,$1098,$1107.58,$1093.703
06/28/2019,$1080.91,1693450,$1076.39,$1081,$1073.37
06/27/2019,$1076.01,1004477,$1084,$1087.1,$1075.29
06/26/2019,$1079.8,1810869,$1086.5,$1092.97,$1072.24
06/25/2019,$1086.35,1546913,$1112.66,$1114.35,$1083.8
06/24/2019,$1115.52,1395696,$1119.61,$1122,$1111.01
06/21/2019,$1121.88,1947591,$1109.24,$1124.11,$1108.08
06/20/2019,$1111.42,1262011,$1119.99,$1120.12,$1104.74
06/19/2019,$1102.33,1339218,$1105.6,$1107,$1093.48
06/18/2019,$1103.6,1386684,$1109.69,$1116.39,$1098.99
06/17/2019,$1092.5,941602,$1086.28,$1099.18,$1086.28
06/14/2019,$1085.35,1111643,$1086.42,$1092.69,$1080.1721
06/13/2019,$1088.77,1058000,$1083.64,$1094.17,$1080.15
06/12/2019,$1077.03,1061255,$1078,$1080.93,$1067.54
06/11/2019,$1078.72,1437063,$1093.98,$1101.99,$1077.6025
06/10/2019,$1080.38,1464248,$1072.98,$1092.66,$1072.3216
06/07/2019,$1066.04,1802370,$1050.63,$1070.92,$1048.4
06/06/2019,$1044.34,1703244,$1044.99,$1047.49,$1033.7
06/05/2019,$1042.22,2168439,$1051.54,$1053.55,$1030.49
06/04/2019,$1053.05,2833483,$1042.9,$1056.05,$1033.69
06/03/2019,$1036.23,5130576,$1065.5,$1065.5,$1025
05/31/2019,$1103.63,1508203,$1101.29,$1109.6,$1100.18
05/30/2019,$1117.95,951873,$1115.54,$1123.13,$1112.12
05/29/2019,$1116.46,1538212,$1127.52,$1129.1,$1108.2201
05/28/2019,$1134.15,1365166,$1134,$1151.5871,$1133.12
05/24/2019,$1133.47,1112341,$1147.36,$1149.765,$1131.66
05/23/2019,$1140.77,1199300,$1140.5,$1145.9725,$1129.224
05/22/2019,$1151.42,914839,$1146.75,$1158.52,$1145.89
05/21/2019,$1149.63,1160158,$1148.49,$1152.7077,$1137.94
05/20/2019,$1138.85,1353292,$1144.5,$1146.7967,$1131.4425
05/17/2019,$1162.3,1208623,$1168.47,$1180.15,$1160.01
05/16/2019,$1178.98,1531404,$1164.51,$1188.16,$1162.84
05/15/2019,$1164.21,2289302,$1117.87,$1171.33,$1116.6657
05/14/2019,$1120.44,1836604,$1137.21,$1140.42,$1119.55
05/13/2019,$1132.03,1860648,$1141.96,$1147.94,$1122.11
05/10/2019,$1164.27,1314546,$1163.59,$1172.6,$1142.5
05/09/2019,$1162.38,1185973,$1159.03,$1169.66,$1150.85
05/08/2019,$1166.27,1309514,$1172.01,$1180.4243,$1165.74
05/07/2019,$1174.1,1551368,$1180.47,$1190.44,$1161.04
05/06/2019,$1189.39,1563943,$1166.26,$1190.85,$1166.26
05/03/2019,$1185.4,1980653,$1173.65,$1186.8,$1169
05/02/2019,$1162.61,1944817,$1167.76,$1174.1895,$1155.0018
05/01/2019,$1168.08,2642983,$1188.05,$1188.05,$1167.18
04/30/2019,$1188.48,6194691,$1185,$1192.81,$1175
04/29/2019,$1287.58,2412788,$1274,$1289.27,$1266.2949
04/26/2019,$1272.18,1228276,$1269,$1273.07,$1260.32
04/25/2019,$1263.45,1099614,$1264.77,$1267.4083,$1252.03
04/24/2019,$1256,1015006,$1264.12,$1268.01,$1255
04/23/2019,$1264.55,1271195,$1250.69,$1269,$1246.38
04/22/2019,$1248.84,806577,$1235.99,$1249.09,$1228.31
04/18/2019,$1236.37,1315676,$1239.18,$1242,$1234.61
04/17/2019,$1236.34,1211866,$1233,$1240.56,$1227.82
04/16/2019,$1227.13,855258,$1225,$1230.82,$1220.12
04/15/2019,$1221.1,1187353,$1218,$1224.2,$1209.1101
04/12/2019,$1217.87,926799,$1210,$1218.35,$1208.11
04/11/2019,$1204.62,709417,$1203.96,$1207.96,$1200.13
04/10/2019,$1202.16,724524,$1200.68,$1203.785,$1196.435
04/09/2019,$1197.25,865416,$1196,$1202.29,$1193.08
04/08/2019,$1203.84,859969,$1207.89,$1208.69,$1199.86
04/05/2019,$1207.15,900950,$1214.99,$1216.22,$1205.03
04/04/2019,$1215,949962,$1205.94,$1215.67,$1204.13
04/03/2019,$1205.92,1014195,$1207.48,$1216.3,$1200.5
04/02/2019,$1200.49,800820,$1195.32,$1201.35,$1185.71
04/01/2019,$1194.43,1188235,$1184.1,$1196.66,$1182
03/29/2019,$1173.31,1269573,$1174.9,$1178.99,$1162.88
03/28/2019,$1168.49,966843,$1171.54,$1171.565,$1159.4312
03/27/2019,$1173.02,1362217,$1185.5,$1187.559,$1159.37
03/26/2019,$1184.62,1894639,$1198.53,$1202.83,$1176.72
03/25/2019,$1193,1493841,$1196.93,$1206.3975,$1187.04
03/22/2019,$1205.5,1668910,$1226.32,$1230,$1202.825
03/21/2019,$1231.54,1195899,$1216,$1231.79,$1213.15
03/20/2019,$1223.97,2089367,$1197.35,$1227.14,$1196.17
03/19/2019,$1198.85,1404863,$1188.81,$1200,$1185.87
03/18/2019,$1184.26,1212506,$1183.3,$1190,$1177.4211
03/15/2019,$1184.46,2457597,$1193.38,$1196.57,$1182.61
03/14/2019,$1185.55,1150950,$1194.51,$1197.88,$1184.48
03/13/2019,$1193.32,1434816,$1200.645,$1200.93,$1191.94
03/12/2019,$1193.2,2012306,$1178.26,$1200,$1178.26
03/11/2019,$1175.76,1569332,$1144.45,$1176.19,$1144.45
03/08/2019,$1142.32,1212271,$1126.73,$1147.08,$1123.3
03/07/2019,$1143.3,1166076,$1155.72,$1156.755,$1134.91
03/06/2019,$1157.86,1094100,$1162.49,$1167.5658,$1155.49
03/05/2019,$1162.03,1422357,$1150.06,$1169.61,$1146.195
03/04/2019,$1147.8,1444774,$1146.99,$1158.2804,$1130.69
03/01/2019,$1140.99,1447454,$1124.9,$1142.97,$1124.75
02/28/2019,$1119.92,1541068,$1111.3,$1127.65,$1111.01
02/27/2019,$1116.05,968362,$1106.95,$1117.98,$1101
02/26/2019,$1115.13,1469761,$1105.75,$1119.51,$1099.92
02/25/2019,$1109.4,1395281,$1116,$1118.54,$1107.27
02/22/2019,$1110.37,1048361,$1100.9,$1111.24,$1095.6
02/21/2019,$1096.97,1414744,$1110.84,$1111.94,$1092.52
02/20/2019,$1113.8,1080144,$1119.99,$1123.41,$1105.28
02/19/2019,$1118.56,1046315,$1110,$1121.89,$1110
02/15/2019,$1113.65,1442461,$1130.08,$1131.67,$1110.65
02/14/2019,$1121.67,941678,$1118.05,$1128.23,$1110.445
02/13/2019,$1120.16,1048630,$1124.99,$1134.73,$1118.5
02/12/2019,$1121.37,1608658,$1106.8,$1125.295,$1105.85
02/11/2019,$1095.01,1063825,$1096.95,$1105.945,$1092.86
02/08/2019,$1095.06,1072031,$1087,$1098.91,$1086.55
02/07/2019,$1098.71,2040615,$1104.16,$1104.84,$1086
02/06/2019,$1115.23,2101674,$1139.57,$1147,$1112.77
02/05/2019,$1145.99,3529974,$1124.84,$1146.85,$1117.248
02/04/2019,$1132.8,2518184,$1112.66,$1132.8,$1109.02
02/01/2019,$1110.75,1455609,$1112.4,$1125,$1104.89
01/31/2019,$1116.37,1531463,$1103,$1117.33,$1095.41
01/30/2019,$1089.06,1241760,$1068.43,$1091,$1066.85
01/29/2019,$1060.62,1006731,$1072.68,$1075.15,$1055.8647
01/28/2019,$1070.08,1277745,$1080.11,$1083,$1063.8
01/25/2019,$1090.99,1114785,$1085,$1094,$1081.82
01/24/2019,$1073.9,1317718,$1076.48,$1079.475,$1060.7
01/23/2019,$1075.57,956526,$1077.35,$1084.93,$1059.75
01/22/2019,$1070.52,1607398,$1088,$1091.51,$1063.47
01/18/2019,$1098.26,1933754,$1100,$1108.352,$1090.9
01/17/2019,$1089.9,1223674,$1079.47,$1091.8,$1073.5
01/16/2019,$1080.97,1320530,$1080,$1092.375,$1079.34
01/15/2019,$1077.15,1452238,$1050.17,$1080.05,$1047.34
01/14/2019,$1044.69,1127417,$1046.92,$1051.53,$1041.255
01/11/2019,$1057.19,1512651,$1063.18,$1063.775,$1048.48
01/10/2019,$1070.33,1444976,$1067.66,$1071.15,$1057.71
01/09/2019,$1074.66,1198369,$1081.65,$1082.63,$1066.4
01/08/2019,$1076.28,1748371,$1076.11,$1084.56,$1060.53
01/07/2019,$1068.39,1978077,$1071.5,$1073.9999,$1054.76
01/04/2019,$1070.71,2080144,$1032.59,$1070.84,$1027.4179
01/03/2019,$1016.06,1829379,$1041,$1056.98,$1014.07
01/02/2019,$1045.85,1516681,$1016.57,$1052.32,$1015.71
12/31/2018,$1035.61,1492541,$1050.96,$1052.7,$1023.59
12/28/2018,$1037.08,1399218,$1049.62,$1055.56,$1033.1
12/27/2018,$1043.88,2102069,$1017.15,$1043.89,$997
12/26/2018,$1039.46,2337212,$989.01,$1040,$983
12/24/2018,$976.22,1590328,$973.9,$1003.54,$970.11
12/21/2018,$979.54,4560424,$1015.3,$1024.02,$973.69
12/20/2018,$1009.41,2659047,$1018.13,$1034.22,$996.36
12/19/2018,$1023.01,2419322,$1033.99,$1062,$1008.05
12/18/2018,$1028.71,2101854,$1026.09,$1049.48,$1021.44
12/17/2018,$1016.53,2337631,$1037.51,$1053.15,$1007.9
12/14/2018,$1042.1,1685802,$1049.98,$1062.6,$1040.79
12/13/2018,$1061.9,1329198,$1068.07,$1079.7597,$1053.93
12/12/2018,$1063.68,1523276,$1068,$1081.65,$1062.79
12/11/2018,$1051.75,1354751,$1056.49,$1060.6,$1039.84
12/10/2018,$1039.55,1793465,$1035.05,$1048.45,$1023.29
12/07/2018,$1036.58,2098526,$1060.01,$1075.26,$1028.5
12/06/2018,$1068.73,2758098,$1034.26,$1071.2,$1030.7701
12/04/2018,$1050.82,2278200,$1103.12,$1104.42,$1049.98
12/03/2018,$1106.43,1900355,$1123.14,$1124.65,$1103.6645
11/30/2018,$1094.43,2554416,$1089.07,$1095.57,$1077.88
11/29/2018,$1088.3,1403540,$1076.08,$1094.245,$1076
11/28/2018,$1086.23,2399374,$1048.76,$1086.84,$1035.76
11/27/2018,$1044.41,1801334,$1041,$1057.58,$1038.49
11/26/2018,$1048.62,1846430,$1038.35,$1049.31,$1033.91
11/23/2018,$1023.88,691462,$1030,$1037.59,$1022.3992
11/21/2018,$1037.61,1531676,$1036.76,$1048.56,$1033.47
11/20/2018,$1025.76,2447254,$1000,$1031.74,$996.02
11/19/2018,$1020,1837207,$1057.2,$1060.79,$1016.2601
11/16/2018,$1061.49,1641232,$1059.41,$1067,$1048.98
11/15/2018,$1064.71,1819132,$1044.71,$1071.85,$1031.78
11/14/2018,$1043.66,1561656,$1050,$1054.5643,$1031
11/13/2018,$1036.05,1496534,$1043.29,$1056.605,$1031.15
11/12/2018,$1038.63,1429319,$1061.39,$1062.12,$1031
11/09/2018,$1066.15,1343154,$1073.99,$1075.56,$1053.11
11/08/2018,$1082.4,1463022,$1091.38,$1093.27,$1072.2048
11/07/2018,$1093.39,2057155,$1069,$1095.46,$1065.9
11/06/2018,$1055.81,1225197,$1039.48,$1064.345,$1038.07
11/05/2018,$1040.09,2436742,$1055,$1058.47,$1021.24
11/02/2018,$1057.79,1829295,$1073.73,$1082.975,$1054.61
11/01/2018,$1070,1456222,$1075.8,$1083.975,$1062.46
10/31/2018,$1076.77,2528584,$1059.81,$1091.94,$1057
10/30/2018,$1036.21,3209126,$1008.46,$1037.49,$1000.75
10/29/2018,$1020.08,3873644,$1082.47,$1097.04,$995.83
10/26/2018,$1071.47,4185201,$1037.03,$1106.53,$1034.09
10/25/2018,$1095.57,2511884,$1071.79,$1110.98,$1069.55
10/24/2018,$1050.71,1910060,$1104.25,$1106.12,$1048.74
10/23/2018,$1103.69,1847798,$1080.89,$1107.89,$1070
10/22/2018,$1101.16,1494285,$1103.06,$1112.23,$1091
10/19/2018,$1096.46,1264605,$1093.37,$1110.36,$1087.75
10/18/2018,$1087.97,2056606,$1121.84,$1121.84,$1077.09
10/17/2018,$1115.69,1397613,$1126.46,$1128.99,$1102.19
10/16/2018,$1121.28,1845491,$1104.59,$1124.22,$1102.5
10/15/2018,$1092.25,1343231,$1108.91,$1113.4464,$1089
10/12/2018,$1110.08,2029872,$1108,$1115,$1086.402
10/11/2018,$1079.32,2939514,$1072.94,$1106.4,$1068.27
10/10/2018,$1081.22,2574985,$1131.08,$1132.17,$1081.13
10/09/2018,$1138.82,1308706,$1146.15,$1154.35,$1137.572
10/08/2018,$1148.97,1877142,$1150.11,$1168,$1127.3636
10/05/2018,$1157.35,1184245,$1167.5,$1173.4999,$1145.12
10/04/2018,$1168.19,2151762,$1195.33,$1197.51,$1155.576
10/03/2018,$1202.95,1207280,$1205,$1206.41,$1193.83
10/02/2018,$1200.11,1655602,$1190.96,$1209.96,$1186.63
10/01/2018,$1195.31,1345250,$1199.89,$1209.9,$1190.3
09/28/2018,$1193.47,1306822,$1191.87,$1195.41,$1184.5
09/27/2018,$1194.64,1244278,$1186.73,$1202.1,$1183.63
09/26/2018,$1180.49,1346434,$1185.15,$1194.23,$1174.765
09/25/2018,$1184.65,937577,$1176.15,$1186.88,$1168
09/24/2018,$1173.37,1218532,$1157.17,$1178,$1146.91
09/21/2018,$1166.09,4363929,$1192,$1192.21,$1166.04
09/20/2018,$1186.87,1209855,$1179.99,$1189.89,$1173.36
09/19/2018,$1171.09,1185321,$1164.98,$1173.21,$1154.58
09/18/2018,$1161.22,1184407,$1157.09,$1176.08,$1157.09
09/17/2018,$1156.05,1279147,$1170.14,$1177.24,$1154.03
09/14/2018,$1172.53,934300,$1179.1,$1180.425,$1168.3295
09/13/2018,$1175.33,1402005,$1170.74,$1178.61,$1162.85
09/12/2018,$1162.82,1291304,$1172.72,$1178.61,$1158.36
09/11/2018,$1177.36,1209171,$1161.63,$1178.68,$1156.24
09/10/2018,$1164.64,1115259,$1172.19,$1174.54,$1160.11
09/07/2018,$1164.83,1401034,$1158.67,$1175.26,$1157.215
09/06/2018,$1171.44,1886690,$1186.3,$1186.3,$1152
09/05/2018,$1186.48,2043732,$1193.8,$1199.0096,$1162
09/04/2018,$1197,1800509,$1204.27,$1212.99,$1192.5
08/31/2018,$1218.19,1812366,$1234.98,$1238.66,$1211.2854
08/30/2018,$1239.12,1320261,$1244.23,$1253.635,$1232.59
08/29/2018,$1249.3,1295939,$1237.45,$1250.66,$1236.3588
08/28/2018,$1231.15,1296532,$1241.29,$1242.545,$1228.69
08/27/2018,$1241.82,1154962,$1227.6,$1243.09,$1225.716
08/24/2018,$1220.65,946529,$1208.82,$1221.65,$1206.3588
08/23/2018,$1205.38,988509,$1207.14,$1221.28,$1204.24
08/22/2018,$1207.33,881463,$1200,$1211.84,$1199
08/21/2018,$1201.62,1187884,$1208,$1217.26,$1200.3537
08/20/2018,$1207.77,864462,$1205.02,$1211,$1194.6264
08/17/2018,$1200.96,1381724,$1202.03,$1209.02,$1188.24
08/16/2018,$1206.49,1319985,$1224.73,$1225.9999,$1202.55
08/15/2018,$1214.38,1815642,$1229.26,$1235.24,$1209.51
08/14/2018,$1242.1,1342534,$1235.19,$1245.8695,$1225.11
08/13/2018,$1235.01,957153,$1236.98,$1249.2728,$1233.6405
08/10/2018,$1237.61,1107323,$1243,$1245.695,$1232
08/09/2018,$1249.1,805227,$1249.9,$1255.542,$1246.01
08/08/2018,$1245.61,1369650,$1240.47,$1256.5,$1238.0083
08/07/2018,$1242.22,1493073,$1237,$1251.17,$1236.17
08/06/2018,$1224.77,1080923,$1225,$1226.0876,$1215.7965
08/03/2018,$1223.71,1072524,$1229.62,$1230,$1215.06
08/02/2018,$1226.15,1520488,$1205.9,$1229.88,$1204.79
08/01/2018,$1220.01,1567142,$1228,$1233.47,$1210.21
07/31/2018,$1217.26,1632823,$1220.01,$1227.5877,$1205.6
07/30/2018,$1219.74,1822782,$1228.01,$1234.916,$1211.47
07/27/2018,$1238.5,2115802,$1271,$1273.89,$1231
07/26/2018,$1268.33,2334881,$1251,$1269.7707,$1249.02
07/25/2018,$1263.7,2115890,$1239.13,$1265.86,$1239.13
07/24/2018,$1248.08,3303268,$1262.59,$1266,$1235.56
07/23/2018,$1205.5,2584034,$1181.01,$1206.49,$1181
07/20/2018,$1184.91,1246898,$1186.96,$1196.86,$1184.22
07/19/2018,$1186.96,1256113,$1191,$1200,$1183.32
07/18/2018,$1195.88,1391232,$1196.56,$1204.5,$1190.34
07/17/2018,$1198.8,1585091,$1172.22,$1203.04,$1170.6
07/16/2018,$1183.86,1049560,$1189.39,$1191,$1179.28
07/13/2018,$1188.82,1221687,$1185,$1195.4173,$1180
07/12/2018,$1183.48,1251083,$1159.89,$1184.41,$1155.935
07/11/2018,$1153.9,1094301,$1144.59,$1164.29,$1141.0003
07/10/2018,$1152.84,789249,$1156.98,$1159.59,$1149.59
07/09/2018,$1154.05,906073,$1148.48,$1154.67,$1143.42
07/06/2018,$1140.17,966155,$1123.58,$1140.93,$1120.7371
07/05/2018,$1124.27,1060752,$1110.53,$1127.5,$1108.48
07/03/2018,$1102.89,679034,$1135.82,$1135.82,$1100.02
07/02/2018,$1127.46,1188616,$1099,$1128,$1093.8
06/29/2018,$1115.65,1275979,$1120,$1128.2265,$1115
06/28/2018,$1114.22,1072438,$1102.09,$1122.31,$1096.01
06/27/2018,$1103.98,1287698,$1121.34,$1131.8362,$1103.62
06/26/2018,$1118.46,1559791,$1128,$1133.21,$1116.6589
06/25/2018,$1124.81,2155276,$1143.6,$1143.91,$1112.78
06/22/2018,$1155.48,1310164,$1159.14,$1162.4965,$1147.26
06/21/2018,$1157.66,1232352,$1174.85,$1177.295,$1152.232
06/20/2018,$1169.84,1648248,$1175.31,$1186.2856,$1169.16
06/19/2018,$1168.06,1616125,$1158.5,$1171.27,$1154.01
06/18/2018,$1173.46,1400641,$1143.65,$1174.31,$1143.59
06/15/2018,$1152.26,2119134,$1148.86,$1153.42,$1143.485
06/14/2018,$1152.12,1350085,$1143.85,$1155.47,$1140.64
06/13/2018,$1134.79,1490017,$1141.12,$1146.5,$1133.38
06/12/2018,$1139.32,899231,$1131.07,$1139.79,$1130.735
06/11/2018,$1129.99,1071114,$1118.6,$1137.26,$1118.6
06/08/2018,$1120.87,1289859,$1118.18,$1126.67,$1112.15
06/07/2018,$1123.86,1519860,$1131.32,$1135.82,$1116.52
06/06/2018,$1136.88,1697489,$1142.17,$1143,$1125.7429
06/05/2018,$1139.66,1538169,$1140.99,$1145.738,$1133.19
06/04/2018,$1139.29,1881046,$1122.33,$1141.89,$1122.005
06/01/2018,$1119.5,2416755,$1099.35,$1120,$1098.5
05/31/2018,$1084.99,3085325,$1067.56,$1097.19,$1067.56
05/30/2018,$1067.8,1129958,$1063.03,$1069.21,$1056.83
05/29/2018,$1060.32,1858676,$1064.89,$1073.37,$1055.22
05/25/2018,$1075.66,878903,$1079.02,$1082.56,$1073.775
05/24/2018,$1079.24,757752,$1079,$1080.47,$1066.15
05/23/2018,$1079.69,1057712,$1065.13,$1080.78,$1061.71
05/22/2018,$1069.73,1088700,$1083.56,$1086.59,$1066.69
05/21/2018,$1079.58,1012258,$1074.06,$1088,$1073.65
05/18/2018,$1066.36,1496448,$1061.86,$1069.94,$1060.68
05/17/2018,$1078.59,1031190,$1079.89,$1086.87,$1073.5
05/16/2018,$1081.77,989819,$1077.31,$1089.27,$1076.26
05/15/2018,$1079.23,1494306,$1090,$1090.05,$1073.47
05/14/2018,$1100.2,1450140,$1100,$1110.75,$1099.11
05/11/2018,$1098.26,1253205,$1093.6,$1101.3295,$1090.91
05/10/2018,$1097.57,1441456,$1086.03,$1100.44,$1085.64
05/09/2018,$1082.76,2032319,$1058.1,$1085.44,$1056.365
05/08/2018,$1053.91,1217260,$1058.54,$1060.55,$1047.145
05/07/2018,$1054.79,1464008,$1049.23,$1061.68,$1047.1
05/04/2018,$1048.21,1936797,$1016.9,$1048.51,$1016.9
05/03/2018,$1023.72,1813623,$1019,$1029.675,$1006.29
05/02/2018,$1024.38,1534094,$1028.1,$1040.389,$1022.87
05/01/2018,$1037.31,1427171,$1013.66,$1038.47,$1008.21
04/30/2018,$1017.33,1664084,$1030.01,$1037,$1016.85
04/27/2018,$1030.05,1617452,$1046,$1049.5,$1025.59
04/26/2018,$1040.04,1984448,$1029.51,$1047.98,$1018.19
04/25/2018,$1021.18,2225495,$1025.52,$1032.49,$1015.31
04/24/2018,$1019.98,4750851,$1052,$1057,$1010.59
04/23/2018,$1067.45,2278846,$1077.86,$1082.72,$1060.7
04/20/2018,$1072.96,1887698,$1082,$1092.35,$1069.57
04/19/2018,$1087.7,1741907,$1069.4,$1094.165,$1068.18
04/18/2018,$1072.08,1336678,$1077.43,$1077.43,$1066.225
04/17/2018,$1074.16,2311903,$1051.37,$1077.88,$1048.26
04/16/2018,$1037.98,1194144,$1037,$1043.24,$1026.74
04/13/2018,$1029.27,1175754,$1040.88,$1046.42,$1022.98
04/12/2018,$1032.51,1357599,$1025.04,$1040.69,$1021.4347
04/11/2018,$1019.97,1476133,$1027.99,$1031.3641,$1015.87
04/10/2018,$1031.64,1983510,$1026.44,$1036.28,$1011.34
04/09/2018,$1015.45,1738682,$1016.8,$1039.6,$1014.08
04/06/2018,$1007.04,1740896,$1020,$1031.42,$1003.03
04/05/2018,$1027.81,1345681,$1041.33,$1042.79,$1020.1311
04/04/2018,$1025.14,2464418,$993.41,$1028.7175,$993
04/03/2018,$1013.41,2271858,$1013.91,$1020.99,$994.07
04/02/2018,$1006.47,2679214,$1022.82,$1034.8,$990.37
03/29/2018,$1031.79,2714402,$1011.63,$1043,$1002.9
03/28/2018,$1004.56,3345046,$998,$1024.23,$980.64
03/27/2018,$1005.1,3081612,$1063,$1064.8393,$996.92
03/26/2018,$1053.21,2593808,$1046,$1055.63,$1008.4
03/23/2018,$1021.57,2147097,$1047.03,$1063.36,$1021.22
03/22/2018,$1049.08,2584639,$1081.88,$1082.9,$1045.91
03/21/2018,$1090.88,1878294,$1092.74,$1106.2999,$1085.15
03/20/2018,$1097.71,1802209,$1099,$1105.2,$1083.46
03/19/2018,$1099.82,2355186,$1120.01,$1121.99,$1089.01
03/16/2018,$1135.73,2614871,$1154.14,$1155.88,$1131.96
03/15/2018,$1149.58,1397767,$1149.96,$1161.08,$1134.54
03/14/2018,$1149.49,1290638,$1145.21,$1158.59,$1141.44
03/13/2018,$1138.17,1874176,$1170,$1176.76,$1133.33
03/12/2018,$1164.5,2106548,$1163.85,$1177.05,$1157.42
03/09/2018,$1160.04,2121425,$1136,$1160.8,$1132.4606
03/08/2018,$1126,1393529,$1115.32,$1127.6,$1112.8
03/07/2018,$1109.64,1277439,$1089.19,$1112.22,$1085.4823
03/06/2018,$1095.06,1497087,$1099.22,$1101.85,$1089.775
03/05/2018,$1090.93,1141932,$1075.14,$1097.1,$1069.0001
03/02/2018,$1078.92,2271394,$1053.08,$1081.9986,$1048.115
03/01/2018,$1069.52,2511872,$1107.87,$1110.12,$1067.001
02/28/2018,$1104.73,1873737,$1123.03,$1127.53,$1103.24
02/27/2018,$1118.29,1772866,$1141.24,$1144.04,$1118
02/26/2018,$1143.75,1514920,$1127.8,$1143.96,$1126.695
02/23/2018,$1126.79,1190432,$1112.64,$1127.28,$1104.7135
02/22/2018,$1106.63,1309536,$1116.19,$1122.82,$1102.59
02/21/2018,$1111.34,1507152,$1106.47,$1133.97,$1106.33
02/20/2018,$1102.46,1389491,$1090.57,$1113.95,$1088.52
02/16/2018,$1094.8,1680283,$1088.41,$1104.67,$1088.3134
02/15/2018,$1089.52,1785552,$1079.07,$1091.4794,$1064.34
02/14/2018,$1069.7,1547665,$1048.95,$1071.72,$1046.75
02/13/2018,$1052.1,1213800,$1045,$1058.37,$1044.0872
02/12/2018,$1051.94,2054002,$1048,$1061.5,$1040.928
02/09/2018,$1037.78,3503970,$1017.25,$1043.97,$992.56
02/08/2018,$1001.52,2809890,$1055.41,$1058.62,$1000.66
02/07/2018,$1048.58,2353003,$1081.54,$1081.78,$1048.26
02/06/2018,$1080.6,3432313,$1027.18,$1081.71,$1023.1367
02/05/2018,$1055.8,3769453,$1090.6,$1110,$1052.03
02/02/2018,$1111.9,4837979,$1122,$1123.07,$1107.2779
02/01/2018,$1167.7,2380221,$1162.61,$1174,$1157.52
01/31/2018,$1169.94,1523820,$1170.57,$1173,$1159.13
01/30/2018,$1163.69,1541771,$1167.83,$1176.52,$1163.52
01/29/2018,$1175.58,1337324,$1176.48,$1186.89,$1171.98
01/26/2018,$1175.84,1981173,$1175.08,$1175.84,$1158.11
01/25/2018,$1170.37,1461518,$1172.53,$1175.94,$1162.76
01/24/2018,$1164.24,1382904,$1177.33,$1179.86,$1161.05
01/23/2018,$1169.97,1309862,$1159.85,$1171.6266,$1158.75
01/22/2018,$1155.81,1616120,$1137.49,$1159.88,$1135.1101
01/19/2018,$1137.51,1390118,$1131.83,$1137.86,$1128.3
01/18/2018,$1129.79,1194943,$1131.41,$1132.51,$1117.5
01/17/2018,$1131.98,1200476,$1126.22,$1132.6,$1117.01
01/16/2018,$1121.76,1566662,$1132.51,$1139.91,$1117.8316
01/12/2018,$1122.26,1718491,$1102.41,$1124.29,$1101.15
01/11/2018,$1105.52,977727,$1106.3,$1106.525,$1099.59
01/10/2018,$1102.61,1042273,$1097.1,$1104.6,$1096.11
01/09/2018,$1106.26,900089,$1109.4,$1110.57,$1101.2307
01/08/2018,$1106.94,1046767,$1102.23,$1111.27,$1101.62
01/05/2018,$1102.23,1279990,$1094,$1104.25,$1092
01/04/2018,$1086.4,1002945,$1088,$1093.5699,$1084.0017
01/03/2018,$1082.48,1429757,$1064.31,$1086.29,$1063.21
01/02/2018,$1065,1236401,$1048.34,$1066.94,$1045.23
12/29/2017,$1046.4,886845,$1046.72,$1049.7,$1044.9
12/28/2017,$1048.14,833011,$1051.6,$1054.75,$1044.77
12/27/2017,$1049.37,1271780,$1057.39,$1058.37,$1048.05
12/26/2017,$1056.74,761097,$1058.07,$1060.12,$1050.2
12/22/2017,$1060.12,755089,$1061.11,$1064.2,$1059.44
12/21/2017,$1063.63,986548,$1064.95,$1069.33,$1061.7938
12/20/2017,$1064.95,1268285,$1071.78,$1073.38,$1061.52
12/19/2017,$1070.68,1307894,$1075.2,$1076.84,$1063.55
12/18/2017,$1077.14,1552016,$1066.08,$1078.49,$1062
12/15/2017,$1064.19,3275091,$1054.61,$1067.62,$1049.5
12/14/2017,$1049.15,1558684,$1045,$1058.5,$1043.11
12/13/2017,$1040.61,1220364,$1046.12,$1046.665,$1038.38
12/12/2017,$1040.48,1279511,$1039.63,$1050.31,$1033.6897
12/11/2017,$1041.1,1190527,$1035.5,$1043.8,$1032.0504
12/08/2017,$1037.05,1288419,$1037.49,$1042.05,$1032.5222
12/07/2017,$1030.93,1458145,$1020.43,$1034.24,$1018.071
12/06/2017,$1018.38,1258496,$1001.5,$1024.97,$1001.14
12/05/2017,$1005.15,2066247,$995.94,$1020.61,$988.28
12/04/2017,$998.68,1906058,$1012.66,$1016.1,$995.57
12/01/2017,$1010.17,1908962,$1015.8,$1022.4897,$1002.02
11/30/2017,$1021.41,1723003,$1022.37,$1028.4899,$1015
11/29/2017,$1021.66,2442974,$1042.68,$1044.08,$1015.65
11/28/2017,$1047.41,1421027,$1055.09,$1062.375,$1040
11/27/2017,$1054.21,1307471,$1040,$1055.46,$1038.44
11/24/2017,$1040.61,536996,$1035.87,$1043.178,$1035
11/22/2017,$1035.96,746351,$1035,$1039.706,$1031.43
11/21/2017,$1034.49,1096161,$1023.31,$1035.11,$1022.655
11/20/2017,$1018.38,898389,$1020.26,$1022.61,$1017.5
11/17/2017,$1019.09,1366936,$1034.01,$1034.42,$1017.75
11/16/2017,$1032.5,1129424,$1022.52,$1035.92,$1022.52
11/15/2017,$1020.91,847932,$1019.21,$1024.09,$1015.42
11/14/2017,$1026,958708,$1022.59,$1026.81,$1014.15
11/13/2017,$1025.75,885565,$1023.42,$1031.58,$1022.57
11/10/2017,$1028.07,720674,$1026.46,$1030.76,$1025.28
11/09/2017,$1031.26,1244701,$1033.99,$1033.99,$1019.6656
11/08/2017,$1039.85,1088395,$1030.52,$1043.522,$1028.45
11/07/2017,$1033.33,1112123,$1027.27,$1033.97,$1025.13
11/06/2017,$1025.9,1124757,$1028.99,$1034.87,$1025
11/03/2017,$1032.48,1075134,$1022.11,$1032.65,$1020.31
11/02/2017,$1025.58,1048584,$1021.76,$1028.09,$1013.01
11/01/2017,$1025.5,1371619,$1017.21,$1029.67,$1016.95
10/31/2017,$1016.64,1331265,$1015.22,$1024,$1010.42
10/30/2017,$1017.11,2083490,$1014,$1024.97,$1007.5
10/27/2017,$1019.27,5165922,$1009.19,$1048.39,$1008.2
10/26/2017,$972.56,2027218,$980,$987.6,$972.2
10/25/2017,$973.33,1210368,$968.37,$976.09,$960.5201
10/24/2017,$970.54,1206074,$970,$972.23,$961
10/23/2017,$968.45,1471544,$989.52,$989.52,$966.12
10/20/2017,$988.2,1176177,$989.44,$991,$984.58
10/19/2017,$984.45,1312706,$986,$988.88,$978.39
10/18/2017,$992.81,1057285,$991.77,$996.72,$986.9747
10/17/2017,$992.18,1290152,$990.29,$996.44,$988.59
10/16/2017,$992,910246,$992.1,$993.9065,$984
10/13/2017,$989.68,1169584,$992,$997.21,$989
10/12/2017,$987.83,1278357,$987.45,$994.12,$985
10/11/2017,$989.25,1692843,$973.72,$990.71,$972.25
10/10/2017,$972.6,968113,$980,$981.57,$966.0801
10/09/2017,$977,890620,$980,$985.425,$976.11
10/06/2017,$978.89,1146207,$966.7,$979.46,$963.36
10/05/2017,$969.96,1210427,$955.49,$970.91,$955.18
10/04/2017,$951.68,951766,$957,$960.39,$950.69
10/03/2017,$957.79,888303,$954,$958,$949.14
10/02/2017,$953.27,1282850,$959.98,$962.54,$947.84
09/29/2017,$959.11,1576365,$952,$959.7864,$951.51
09/28/2017,$949.5,997036,$941.36,$950.69,$940.55
09/27/2017,$944.49,2237538,$927.74,$949.9,$927.74
09/26/2017,$924.86,1666749,$923.72,$930.82,$921.14
09/25/2017,$920.97,1855742,$925.45,$926.4,$909.7
09/22/2017,$928.53,1052170,$927.75,$934.73,$926.48
09/21/2017,$932.45,1227059,$933,$936.53,$923.83
09/20/2017,$931.58,1535626,$922.98,$933.88,$922
09/19/2017,$921.81,912967,$917.42,$922.4199,$912.55
09/18/2017,$915,1300759,$920.01,$922.08,$910.6
09/15/2017,$920.29,2499466,$924.66,$926.49,$916.36
09/14/2017,$925.11,1395497,$931.25,$932.77,$924
09/13/2017,$935.09,1101145,$930.66,$937.25,$929.86
09/12/2017,$932.07,1133638,$932.59,$933.48,$923.861
09/11/2017,$929.08,1266020,$934.25,$938.38,$926.92
09/08/2017,$926.5,997699,$936.49,$936.99,$924.88
09/07/2017,$935.95,1211472,$931.73,$936.41,$923.62
09/06/2017,$927.81,1526209,$930.15,$930.915,$919.27
09/05/2017,$928.45,1346791,$933.08,$937,$921.96
09/01/2017,$937.34,943657,$941.13,$942.48,$935.15
08/31/2017,$939.33,1566888,$931.76,$941.98,$931.76
08/30/2017,$929.57,1300616,$920.05,$930.819,$919.65
08/29/2017,$921.29,1181391,$905.1,$923.33,$905
08/28/2017,$913.81,1085014,$916,$919.245,$911.87
08/25/2017,$915.89,1052764,$923.49,$925.555,$915.5
08/24/2017,$921.28,1266191,$928.66,$930.84,$915.5
08/23/2017,$927,1088575,$921.93,$929.93,$919.36
08/22/2017,$924.69,1166320,$912.72,$925.86,$911.4751
08/21/2017,$906.66,942328,$910,$913,$903.4
08/18/2017,$910.67,1341990,$910.31,$915.275,$907.1543
08/17/2017,$910.98,1241782,$925.78,$926.86,$910.98
08/16/2017,$926.96,1005261,$925.29,$932.7,$923.445
08/15/2017,$922.22,882479,$924.23,$926.5499,$919.82
08/14/2017,$922.67,1063404,$922.53,$924.668,$918.19
08/11/2017,$914.39,1205652,$907.97,$917.78,$905.58
08/10/2017,$907.24,1755521,$917.55,$919.26,$906.13
08/09/2017,$922.9,1191332,$920.61,$925.98,$917.2501
08/08/2017,$926.79,1057351,$927.09,$935.814,$925.6095
08/07/2017,$929.36,1031710,$929.06,$931.7,$926.5
08/04/2017,$927.96,1081814,$926.75,$930.3068,$923.03
08/03/2017,$923.65,1201519,$930.34,$932.24,$922.24
08/02/2017,$930.39,1822272,$928.61,$932.6,$916.68
08/01/2017,$930.83,1234612,$932.38,$937.447,$929.26
07/31/2017,$930.5,1964748,$941.89,$943.59,$926.04
07/28/2017,$941.53,1802343,$929.4,$943.83,$927.5
07/27/2017,$934.09,3128819,$951.78,$951.78,$920
07/26/2017,$947.8,2069349,$954.68,$955,$942.2788
07/25/2017,$950.7,4656609,$953.81,$959.7,$945.4
07/24/2017,$980.34,3205374,$972.22,$986.2,$970.77
07/21/2017,$972.92,1697190,$962.25,$973.23,$960.15
07/20/2017,$968.15,1620636,$975,$975.9,$961.51
07/19/2017,$970.89,1221155,$967.84,$973.04,$964.03
07/18/2017,$965.4,1152741,$953,$968.04,$950.6
07/17/2017,$953.42,1164141,$957,$960.74,$949.2407
07/14/2017,$955.99,1052855,$952,$956.91,$948.005
07/13/2017,$947.16,1294674,$946.29,$954.45,$943.01
07/12/2017,$943.83,1517168,$938.68,$946.3,$934.47
07/11/2017,$930.09,1112417,$929.54,$931.43,$922
07/10/2017,$928.8,1190237,$921.77,$930.38,$919.59
07/07/2017,$918.59,1590456,$908.85,$921.54,$908.85
07/06/2017,$906.69,1424290,$904.12,$914.9444,$899.7
07/05/2017,$911.71,1813309,$901.76,$914.51,$898.5
07/03/2017,$898.7,1710373,$912.18,$913.94,$894.79
06/30/2017,$908.73,2086340,$926.05,$926.05,$908.31
06/29/2017,$917.79,3287991,$929.92,$931.26,$910.62
06/28/2017,$940.49,2719213,$929,$942.75,$916
06/27/2017,$927.33,2566047,$942.46,$948.29,$926.85
06/26/2017,$952.27,1596664,$969.9,$973.31,$950.79
06/23/2017,$965.59,1527513,$956.83,$966,$954.2
06/22/2017,$957.09,941639,$958.7,$960.72,$954.55
06/21/2017,$959.45,1201971,$953.64,$960.1,$950.76
06/20/2017,$950.63,1125520,$957.52,$961.62,$950.01
06/19/2017,$957.37,1520715,$949.96,$959.99,$949.05
06/16/2017,$939.78,3061794,$940,$942.04,$931.595
06/15/2017,$942.31,2065271,$933.97,$943.339,$924.44
06/14/2017,$950.76,1487378,$959.92,$961.15,$942.25
06/13/2017,$953.4,2012980,$951.91,$959.98,$944.09
06/12/2017,$942.9,3762434,$939.56,$949.355,$915.2328
06/09/2017,$949.83,3305545,$984.5,$984.5,$935.63
06/08/2017,$983.41,1477151,$982.35,$984.57,$977.2
06/07/2017,$981.08,1447172,$979.65,$984.15,$975.77
06/06/2017,$976.57,1814323,$983.16,$988.25,$975.14
06/05/2017,$983.68,1251903,$976.55,$986.91,$975.1
06/02/2017,$975.6,1750723,$969.46,$975.88,$966
06/01/2017,$966.95,1408958,$968.95,$971.5,$960.01
05/31/2017,$964.86,2447176,$975.02,$979.27,$960.18
05/30/2017,$975.88,1466288,$970.31,$976.2,$969.49
05/26/2017,$971.47,1251425,$969.7,$974.98,$965.03
05/25/2017,$969.54,1659422,$957.33,$972.629,$955.47
05/24/2017,$954.96,1031408,$952.98,$955.09,$949.5
05/23/2017,$948.82,1269438,$947.92,$951.4666,$942.575
05/22/2017,$941.86,1118456,$935,$941.8828,$935
05/19/2017,$934.01,1389848,$931.47,$937.755,$931
05/18/2017,$930.24,1596058,$921,$933.17,$918.75
05/17/2017,$919.62,2357922,$935.67,$939.3325,$918.14
05/16/2017,$943,968288,$940,$943.11,$937.58
05/15/2017,$937.08,1104595,$932.95,$938.25,$929.34
05/12/2017,$932.22,1050377,$931.53,$933.44,$927.85
05/11/2017,$930.6,834997,$925.32,$932.53,$923.0301
05/10/2017,$928.78,1173887,$931.98,$932,$925.16
05/09/2017,$932.17,1581236,$936.95,$937.5,$929.53
05/08/2017,$934.3,1328885,$926.12,$936.925,$925.26
05/05/2017,$927.13,1910317,$933.54,$934.9,$925.2
05/04/2017,$931.66,1421938,$926.07,$935.93,$924.59
05/03/2017,$927.04,1497565,$914.86,$928.1,$912.5426
05/02/2017,$916.44,1543696,$909.62,$920.77,$909.4526
05/01/2017,$912.57,2114629,$901.94,$915.68,$901.45
04/28/2017,$905.96,3223850,$910.66,$916.85,$905.77
04/27/2017,$874.25,2009509,$873.6,$875.4,$870.38
04/26/2017,$871.73,1233724,$874.23,$876.05,$867.7481
04/25/2017,$872.3,1670095,$865,$875,$862.81
04/24/2017,$862.76,1371722,$851.2,$863.45,$849.86
04/21/2017,$843.19,1323364,$842.88,$843.88,$840.6
04/20/2017,$841.65,957994,$841.44,$845.2,$839.32
04/19/2017,$838.21,954324,$839.79,$842.22,$836.29
04/18/2017,$836.82,835433,$834.22,$838.93,$832.71
04/17/2017,$837.17,894540,$825.01,$837.75,$824.47
04/13/2017,$823.56,1118221,$822.14,$826.38,$821.44
04/12/2017,$824.32,900059,$821.93,$826.66,$821.02
04/11/2017,$823.35,1078951,$824.71,$827.4267,$817.0201
04/10/2017,$824.73,978825,$825.39,$829.35,$823.77
04/07/2017,$824.67,1056692,$827.96,$828.485,$820.5127
04/06/2017,$827.88,1254235,$832.4,$836.39,$826.46
04/05/2017,$831.41,1553163,$835.51,$842.45,$830.72
04/04/2017,$834.57,1044455,$831.36,$835.18,$829.0363
04/03/2017,$838.55,1670349,$829.22,$840.85,$829.22
